ADCBFV2022,ADCBF V2022-ADF,F:ADCBF\V22,ADCBF,20221026
ADCBFX2022,ADCBF X2022-ADF,F:ADCBF\X22,ADCBF,20221130
ADCBFZ2022,ADCBF Z2022-ADF,F:ADCBF\Z22,ADCBF,20221228
ADCBFF2023,ADCBF F2023-ADF,F:ADCBF\F23,ADCBF,20230125
ADCBFG2023,ADCBF G2023-ADF,F:ADCBF\G23,ADCBF,20230222
ADIBFV2022,ADIBF V2022-ADF,F:ADIBF\V22,ADIBF,20221026
ADIBFZ2022,ADIBF Z2022-ADF,F:ADIBF\Z22,ADIBF,20221228
ADIBFF2023,ADIBF F2023-ADF,F:ADIBF\F23,ADIBF,20230125
ADIBFG2023,ADIBF G2023-ADF,F:ADIBF\G23,ADIBF,20230222
ADNOCDISTFG2022,ADNOCDISTF G2022-ADF,F:ADNOCDISTF\G22,ADNOCDISTF,20220223
ADNOCDISTFH2022,ADNOCDISTF H2022-ADF,F:ADNOCDISTF\H22,ADNOCDISTF,20220330
ADNOCDISTFJ2022,ADNOCDISTF J2022-ADF,F:ADNOCDISTF\J22,ADNOCDISTF,20220427
ADNOCDISTFK2022,ADNOCDISTF K2022-ADF,F:ADNOCDISTF\K22,ADNOCDISTF,20220525
ADNOCDISTFM2022,ADNOCDISTF M2022-ADF,F:ADNOCDISTF\M22,ADNOCDISTF,20220629
ADNOCDISTFN2022,ADNOCDISTF N2022-ADF,F:ADNOCDISTF\N22,ADNOCDISTF,20220722
ADNOCDISTFQ2022,ADNOCDISTF Q2022-ADF,F:ADNOCDISTF\Q22,ADNOCDISTF,20220831
ADNOCDISTFU2022,ADNOCDISTF U2022-ADF,F:ADNOCDISTF\U22,ADNOCDISTF,20220928
ADNOCDISTFV2022,ADNOCDISTF V2022-ADF,F:ADNOCDISTF\V22,ADNOCDISTF,20221026
ADNOCDISTFX2022,ADNOCDISTF X2022-ADF,F:ADNOCDISTF\X22,ADNOCDISTF,20221130
ADNOCDISTFZ2022,ADNOCDISTF Z2022-ADF,F:ADNOCDISTF\Z22,ADNOCDISTF,20221228
ADNOCDISTFF2023,ADNOCDISTF F2023-ADF,F:ADNOCDISTF\F23,ADNOCDISTF,20230125
ADNOCDISTFG2023,ADNOCDISTF G2023-ADF,F:ADNOCDISTF\G23,ADNOCDISTF,20230222
ADPORTSFV2022,ADPORTSF V2022-ADF,F:ADPORTSF\V22,ADPORTSF,20221026
ADPORTSFX2022,ADPORTSF X2022-ADF,F:ADPORTSF\X22,ADPORTSF,20221130
ADPORTSFZ2022,ADPORTSF Z2022-ADF,F:ADPORTSF\Z22,ADPORTSF,20221228
ADPORTSFF2023,ADPORTSF F2023-ADF,F:ADPORTSF\F23,ADPORTSF,20230125
ADPORTSFG2023,ADPORTSF G2023-ADF,F:ADPORTSF\G23,ADPORTSF,20230222
ALDARFG2022,ALDARF G2022-ADF,F:ALDARF\G22,ALDARF,20220223
ALDARFH2022,ALDARF H2022-ADF,F:ALDARF\H22,ALDARF,20220330
ALDARFJ2022,ALDARF J2022-ADF,F:ALDARF\J22,ALDARF,20220427
ALDARFK2022,ALDARF K2022-ADF,F:ALDARF\K22,ALDARF,20220525
ALDARFM2022,ALDARF M2022-ADF,F:ALDARF\M22,ALDARF,20220629
ALDARFN2022,ALDARF N2022-ADF,F:ALDARF\N22,ALDARF,20220722
ALDARFQ2022,ALDARF Q2022-ADF,F:ALDARF\Q22,ALDARF,20220831
ALDARFU2022,ALDARF U2022-ADF,F:ALDARF\U22,ALDARF,20220928
ALDARFV2022,ALDARF V2022-ADF,F:ALDARF\V22,ALDARF,20221026
ALDARFX2022,ALDARF X2022-ADF,F:ALDARF\X22,ALDARF,20221130
ALDARFZ2022,ALDARF Z2022-ADF,F:ALDARF\Z22,ALDARF,20221228
ALDARFF2023,ALDARF F2023-ADF,F:ALDARF\F23,ALDARF,20230125
ALDARFG2023,ALDARF G2023-ADF,F:ALDARF\G23,ALDARF,20230222
BOROUGEFV2022,BOROUGEF V2022-ADF,F:BOROUGEF\V22,BOROUGEF,20221026
BOROUGEFX2022,BOROUGEF X2022-ADF,F:BOROUGEF\X22,BOROUGEF,20221130
BOROUGEFZ2022,BOROUGEF Z2022-ADF,F:BOROUGEF\Z22,BOROUGEF,20221228
BOROUGEFF2023,BOROUGEF F2023-ADF,F:BOROUGEF\F23,BOROUGEF,20230125
BOROUGEFG2023,BOROUGEF G2023-ADF,F:BOROUGEF\G23,BOROUGEF,20230222
EANDFG2022,EANDF G2022-ADF,F:EANDF\G22,EANDF,20220223
EANDFH2022,EANDF H2022-ADF,F:EANDF\H22,EANDF,20220330
EANDFJ2022,EANDF J2022-ADF,F:EANDF\J22,EANDF,20220427
EANDFK2022,EANDF K2022-ADF,F:EANDF\K22,EANDF,20220525
EANDFM2022,EANDF M2022-ADF,F:EANDF\M22,EANDF,20220629
EANDFN2022,EANDF N2022-ADF,F:EANDF\N22,EANDF,20220722
EANDFQ2022,EANDF Q2022-ADF,F:EANDF\Q22,EANDF,20220831
EANDFU2022,EANDF U2022-ADF,F:EANDF\U22,EANDF,20220928
EANDFV2022,EANDF V2022-ADF,F:EANDF\V22,EANDF,20221026
EANDFX2022,EANDF X2022-ADF,F:EANDF\X22,EANDF,20221130
EANDFZ2022,EANDF Z2022-ADF,F:EANDF\Z22,EANDF,20221228
EANDFF2023,EANDF F2023-ADF,F:EANDF\F23,EANDF,20230125
EANDFG2023,EANDF G2023-ADF,F:EANDF\G23,EANDF,20230222
ETISALATFG2022,ETISALATF G2022-ADF,F:ETISALATF\G22,ETISALATF,20220223
ETISALATFH2022,ETISALATF H2022-ADF,F:ETISALATF\H22,ETISALATF,20220330
ETISALATFJ2022,ETISALATF J2022-ADF,F:ETISALATF\J22,ETISALATF,20220427
ETISALATFK2022,ETISALATF K2022-ADF,F:ETISALATF\K22,ETISALATF,20220525
ETISALATFM2022,ETISALATF M2022-ADF,F:ETISALATF\M22,ETISALATF,20220629
ETISALATFN2022,ETISALATF N2022-ADF,F:ETISALATF\N22,ETISALATF,20220722
ETISALATFQ2022,ETISALATF Q2022-ADF,F:ETISALATF\Q22,ETISALATF,20220831
ETISALATFU2022,ETISALATF U2022-ADF,F:ETISALATF\U22,ETISALATF,20220928
ETISALATFV2022,ETISALATF V2022-ADF,F:ETISALATF\V22,ETISALATF,20221026
ETISALATFX2022,ETISALATF X2022-ADF,F:ETISALATF\X22,ETISALATF,20221130
ETISALATFZ2022,ETISALATF Z2022-ADF,F:ETISALATF\Z22,ETISALATF,20221228
FABFG2022,FABF G2022-ADF,F:FABF\G22,FABF,20220223
FABFH2022,FABF H2022-ADF,F:FABF\H22,FABF,20220330
FABFJ2022,FABF J2022-ADF,F:FABF\J22,FABF,20220427
FABFK2022,FABF K2022-ADF,F:FABF\K22,FABF,20220525
FABFM2022,FABF M2022-ADF,F:FABF\M22,FABF,20220629
FABFN2022,FABF N2022-ADF,F:FABF\N22,FABF,20220722
FABFQ2022,FABF Q2022-ADF,F:FABF\Q22,FABF,20220831
FABFU2022,FABF U2022-ADF,F:FABF\U22,FABF,20220928
FABFV2022,FABF V2022-ADF,F:FABF\V22,FABF,20221026
FABFX2022,FABF X2022-ADF,F:FABF\X22,FABF,20221130
FABFZ2022,FABF Z2022-ADF,F:FABF\Z22,FABF,20221228
FABFF2023,FABF F2023-ADF,F:FABF\F23,FABF,20230125
FABFG2023,FABF G2023-ADF,F:FABF\G23,FABF,20230222
FADX15FU2022,FADX15F U2022-ADF,F:FADX15F\U22,FADX15F,20220928
FADX15FZ2022,FADX15F Z2022-ADF,F:FADX15F\Z22,FADX15F,20221228
FADX15FH2023,FADX15F H2023-ADF,F:FADX15F\H23,FADX15F,20230329
FERTIGLBFV2022,FERTIGLBF V2022-ADF,F:FERTIGLBF\V22,FERTIGLBF,20221026
FERTIGLBFX2022,FERTIGLBF X2022-ADF,F:FERTIGLBF\X22,FERTIGLBF,20221130
FERTIGLBFZ2022,FERTIGLBF Z2022-ADF,F:FERTIGLBF\Z22,FERTIGLBF,20221228
FERTIGLBFF2023,FERTIGLBF F2023-ADF,F:FERTIGLBF\F23,FERTIGLBF,20230125
FERTIGLBFG2023,FERTIGLBF G2023-ADF,F:FERTIGLBF\G23,FERTIGLBF,20230222
IHCFK2022,IHCF K2022-ADF,F:IHCF\K22,IHCF,20220525
IHCFM2022,IHCF M2022-ADF,F:IHCF\M22,IHCF,20220629
IHCFN2022,IHCF N2022-ADF,F:IHCF\N22,IHCF,20220722
IHCFQ2022,IHCF Q2022-ADF,F:IHCF\Q22,IHCF,20220831
IHCFU2022,IHCF U2022-ADF,F:IHCF\U22,IHCF,20220928
IHCFV2022,IHCF V2022-ADF,F:IHCF\V22,IHCF,20221026
IHCFX2022,IHCF X2022-ADF,F:IHCF\X22,IHCF,20221130
IHCFZ2022,IHCF Z2022-ADF,F:IHCF\Z22,IHCF,20221228
IHCFF2023,IHCF F2023-ADF,F:IHCF\F23,IHCF,20230125
IHCFG2023,IHCF G2023-ADF,F:IHCF\G23,IHCF,20230222
