AIRARBG2022,AIRARB G2022-DFF,F:AIRARB\G22,AIRARB,20220217
AIRARBH2022,AIRARB H2022-DFF,F:AIRARB\H22,AIRARB,20220317
AIRARBJ2022,AIRARB J2022-DFF,F:AIRARB\J22,AIRARB,20220421
AIRARBK2022,AIRARB K2022-DFF,F:AIRARB\K22,AIRARB,20220519
AIRARBM2022,AIRARB M2022-DFF,F:AIRARB\M22,AIRARB,20220616
AIRARBN2022,AIRARB N2022-DFF,F:AIRARB\N22,AIRARB,20220721
AIRARBQ2022,AIRARB Q2022-DFF,F:AIRARB\Q22,AIRARB,20220818
AIRARBU2022,AIRARB U2022-DFF,F:AIRARB\U22,AIRARB,20220915
AIRARBV2022,AIRARB V2022-DFF,F:AIRARB\V22,AIRARB,20221020
AIRARBX2022,AIRARB X2022-DFF,F:AIRARB\X22,AIRARB,20221117
AIRARBZ2022,AIRARB Z2022-DFF,F:AIRARB\Z22,AIRARB,20221215
AIRARBF2023,AIRARB F2023-DFF,F:AIRARB\F23,AIRARB,20230119
AIRARBG2023,AIRARB G2023-DFF,F:AIRARB\G23,AIRARB,20230216
AIRARBH2023,AIRARB H2023-DFF,F:AIRARB\H23,AIRARB,20230316
AIRARBJ2023,AIRARB J2023-DFF,F:AIRARB\J23,AIRARB,20230419
AIRARBK2023,AIRARB K2023-DFF,F:AIRARB\K23,AIRARB,20230501
AIRARBM2023,AIRARB M2023-DFF,F:AIRARB\M23,AIRARB,20230615
AIRARBN2023,AIRARB N2023-DFF,F:AIRARB\N23,AIRARB,20230720
AIRARBQ2023,AIRARB Q2023-DFF,F:AIRARB\Q23,AIRARB,20230817
ARMXG2022,ARMX G2022-DFF,F:ARMX\G22,ARMX,20220217
ARMXH2022,ARMX H2022-DFF,F:ARMX\H22,ARMX,20220317
ARMXJ2022,ARMX J2022-DFF,F:ARMX\J22,ARMX,20220421
ARMXK2022,ARMX K2022-DFF,F:ARMX\K22,ARMX,20220519
ARMXM2022,ARMX M2022-DFF,F:ARMX\M22,ARMX,20220616
ARMXN2022,ARMX N2022-DFF,F:ARMX\N22,ARMX,20220721
ARMXQ2022,ARMX Q2022-DFF,F:ARMX\Q22,ARMX,20220818
ARMXU2022,ARMX U2022-DFF,F:ARMX\U22,ARMX,20220915
ARMXV2022,ARMX V2022-DFF,F:ARMX\V22,ARMX,20221020
ARMXX2022,ARMX X2022-DFF,F:ARMX\X22,ARMX,20221117
ARMXZ2022,ARMX Z2022-DFF,F:ARMX\Z22,ARMX,20221215
ARMXF2023,ARMX F2023-DFF,F:ARMX\F23,ARMX,20230119
ARMXG2023,ARMX G2023-DFF,F:ARMX\G23,ARMX,20230216
ARMXH2023,ARMX H2023-DFF,F:ARMX\H23,ARMX,20230316
ARMXJ2023,ARMX J2023-DFF,F:ARMX\J23,ARMX,20230419
ARMXK2023,ARMX K2023-DFF,F:ARMX\K23,ARMX,20230518
ARMXM2023,ARMX M2023-DFF,F:ARMX\M23,ARMX,20230615
ARMXN2023,ARMX N2023-DFF,F:ARMX\N23,ARMX,20230720
ARMXQ2023,ARMX Q2023-DFF,F:ARMX\Q23,ARMX,20230817
DEWAJ2023,DEWA J2023-DFF,F:DEWA\J23,DEWA,20230419
DEWAK2023,DEWA K2023-DFF,F:DEWA\K23,DEWA,20230518
DEWAM2023,DEWA M2023-DFF,F:DEWA\M23,DEWA,20230615
DEWAN2023,DEWA N2023-DFF,F:DEWA\N23,DEWA,20230720
DEWAQ2023,DEWA Q2023-DFF,F:DEWA\Q23,DEWA,20230817
DEYAARJ2023,DEYAAR J2023-DFF,F:DEYAAR\J23,DEYAAR,20230419
DEYAARK2023,DEYAAR K2023-DFF,F:DEYAAR\K23,DEYAAR,20230518
DEYAARM2023,DEYAAR M2023-DFF,F:DEYAAR\M23,DEYAAR,20230615
DEYAARN2023,DEYAAR N2023-DFF,F:DEYAAR\N23,DEYAAR,20230720
DEYAARQ2023,DEYAAR Q2023-DFF,F:DEYAAR\Q23,DEYAAR,20230817
DFMG2022,DFM G2022-DFF,F:DFM\G22,DFM,20220217
DFMH2022,DFM H2022-DFF,F:DFM\H22,DFM,20220317
DFMJ2022,DFM J2022-DFF,F:DFM\J22,DFM,20220421
DFMK2022,DFM K2022-DFF,F:DFM\K22,DFM,20220519
DFMM2022,DFM M2022-DFF,F:DFM\M22,DFM,20220616
DFMN2022,DFM N2022-DFF,F:DFM\N22,DFM,20220721
DFMQ2022,DFM Q2022-DFF,F:DFM\Q22,DFM,20220818
DFMU2022,DFM U2022-DFF,F:DFM\U22,DFM,20220915
DFMV2022,DFM V2022-DFF,F:DFM\V22,DFM,20221020
DFMX2022,DFM X2022-DFF,F:DFM\X22,DFM,20221117
DFMZ2022,DFM Z2022-DFF,F:DFM\Z22,DFM,20221215
DFMF2023,DFM F2023-DFF,F:DFM\F23,DFM,20230119
DFMG2023,DFM G2023-DFF,F:DFM\G23,DFM,20230216
DFMH2023,DFM H2023-DFF,F:DFM\H23,DFM,20230316
DFMJ2023,DFM J2023-DFF,F:DFM\J23,DFM,20230419
DFMK2023,DFM K2023-DFF,F:DFM\K23,DFM,20230518
DFMM2023,DFM M2023-DFF,F:DFM\M23,DFM,20230615
DFMN2023,DFM N2023-DFF,F:DFM\N23,DFM,20230720
DFMQ2023,DFM Q2023-DFF,F:DFM\Q23,DFM,20230817
DIBG2021,DIB G2021-DFF,F:DIB\G21,DIB,20210218
DIBH2021,DIB H2021-DFF,F:DIB\H21,DIB,20210318
DIBJ2021,DIB J2021-DFF,F:DIB\J21,DIB,20210415
DIBK2021,DIB K2021-DFF,F:DIB\K21,DIB,20210520
DIBM2021,DIB M2021-DFF,F:DIB\M21,DIB,20210617
DIBN2021,DIB N2021-DFF,F:DIB\N21,DIB,20210715
DIBQ2021,DIB Q2021-DFF,F:DIB\Q21,DIB,20210819
DIBU2021,DIB U2021-DFF,F:DIB\U21,DIB,20210916
DIBV2021,DIB V2021-DFF,F:DIB\V21,DIB,20211021
DIBX2021,DIB X2021-DFF,F:DIB\X21,DIB,20211118
DIBZ2021,DIB Z2021-DFF,F:DIB\Z21,DIB,20211216
DIBF2022,DIB F2022-DFF,F:DIB\F22,DIB,20220120
DIBG2022,DIB G2022-DFF,F:DIB\G22,DIB,20220217
DIBH2022,DIB H2022-DFF,F:DIB\H22,DIB,20220317
DIBJ2022,DIB J2022-DFF,F:DIB\J22,DIB,20220421
DIBK2022,DIB K2022-DFF,F:DIB\K22,DIB,20220519
DIBM2022,DIB M2022-DFF,F:DIB\M22,DIB,20220616
DIBN2022,DIB N2022-DFF,F:DIB\N22,DIB,20220721
DIBQ2022,DIB Q2022-DFF,F:DIB\Q22,DIB,20220818
DIBU2022,DIB U2022-DFF,F:DIB\U22,DIB,20220915
DIBV2022,DIB V2022-DFF,F:DIB\V22,DIB,20221020
DIBX2022,DIB X2022-DFF,F:DIB\X22,DIB,20221117
DIBZ2022,DIB Z2022-DFF,F:DIB\Z22,DIB,20221215
DIBF2023,DIB F2023-DFF,F:DIB\F23,DIB,20230119
DIBG2023,DIB G2023-DFF,F:DIB\G23,DIB,20230216
DIBH2023,DIB H2023-DFF,F:DIB\H23,DIB,20230316
DIBJ2023,DIB J2023-DFF,F:DIB\J23,DIB,20230419
DIBK2023,DIB K2023-DFF,F:DIB\K23,DIB,20230518
DIBM2023,DIB M2023-DFF,F:DIB\M23,DIB,20230615
DIBN2023,DIB N2023-DFF,F:DIB\N23,DIB,20230720
DIBQ2023,DIB Q2023-DFF,F:DIB\Q23,DIB,20230817
DICG2022,DIC G2022-DFF,F:DIC\G22,DIC,20220217
DICH2022,DIC H2022-DFF,F:DIC\H22,DIC,20220317
DICJ2022,DIC J2022-DFF,F:DIC\J22,DIC,20220421
DICK2022,DIC K2022-DFF,F:DIC\K22,DIC,20220519
DICM2022,DIC M2022-DFF,F:DIC\M22,DIC,20220616
DICN2022,DIC N2022-DFF,F:DIC\N22,DIC,20220721
DICQ2022,DIC Q2022-DFF,F:DIC\Q22,DIC,20220818
DICU2022,DIC U2022-DFF,F:DIC\U22,DIC,20220915
DICV2022,DIC V2022-DFF,F:DIC\V22,DIC,20221020
DICX2022,DIC X2022-DFF,F:DIC\X22,DIC,20221117
DICZ2022,DIC Z2022-DFF,F:DIC\Z22,DIC,20221215
DICF2023,DIC F2023-DFF,F:DIC\F23,DIC,20230119
DICG2023,DIC G2023-DFF,F:DIC\G23,DIC,20230216
DICH2023,DIC H2023-DFF,F:DIC\H23,DIC,20230316
DICJ2023,DIC J2023-DFF,F:DIC\J23,DIC,20230419
DICK2023,DIC K2023-DFF,F:DIC\K23,DIC,20230518
DICM2023,DIC M2023-DFF,F:DIC\M23,DIC,20230615
DICN2023,DIC N2023-DFF,F:DIC\N23,DIC,20230720
DICQ2023,DIC Q2023-DFF,F:DIC\Q23,DIC,20230817
DUG2022,DU G2022-DFF,F:DU\G22,DU,20220217
DUH2022,DU H2022-DFF,F:DU\H22,DU,20220317
DUJ2022,DU J2022-DFF,F:DU\J22,DU,20220421
DUK2022,DU K2022-DFF,F:DU\K22,DU,20220519
DUM2022,DU M2022-DFF,F:DU\M22,DU,20220616
DUN2022,DU N2022-DFF,F:DU\N22,DU,20220721
DUQ2022,DU Q2022-DFF,F:DU\Q22,DU,20220818
DUU2022,DU U2022-DFF,F:DU\U22,DU,20220915
DUV2022,DU V2022-DFF,F:DU\V22,DU,20221020
DUX2022,DU X2022-DFF,F:DU\X22,DU,20221117
DUZ2022,DU Z2022-DFF,F:DU\Z22,DU,20221215
DUF2023,DU F2023-DFF,F:DU\F23,DU,20230119
DUG2023,DU G2023-DFF,F:DU\G23,DU,20230216
DUH2023,DU H2023-DFF,F:DU\H23,DU,20230316
DUJ2023,DU J2023-DFF,F:DU\J23,DU,20230419
DUK2023,DU K2023-DFF,F:DU\K23,DU,20230518
DUM2023,DU M2023-DFF,F:DU\M23,DU,20230615
DUN2023,DU N2023-DFF,F:DU\N23,DU,20230720
DUQ2023,DU Q2023-DFF,F:DU\Q23,DU,20230817
EMAARG2021,EMAAR G2021-DFF,F:EMAAR\G21,EMAAR,20210218
EMAARH2021,EMAAR H2021-DFF,F:EMAAR\H21,EMAAR,20210318
EMAARJ2021,EMAAR J2021-DFF,F:EMAAR\J21,EMAAR,20210415
EMAARK2021,EMAAR K2021-DFF,F:EMAAR\K21,EMAAR,20210520
EMAARM2021,EMAAR M2021-DFF,F:EMAAR\M21,EMAAR,20210617
EMAARN2021,EMAAR N2021-DFF,F:EMAAR\N21,EMAAR,20210715
EMAARQ2021,EMAAR Q2021-DFF,F:EMAAR\Q21,EMAAR,20210819
EMAARU2021,EMAAR U2021-DFF,F:EMAAR\U21,EMAAR,20210916
EMAARV2021,EMAAR V2021-DFF,F:EMAAR\V21,EMAAR,20211021
EMAARX2021,EMAAR X2021-DFF,F:EMAAR\X21,EMAAR,20211118
EMAARZ2021,EMAAR Z2021-DFF,F:EMAAR\Z21,EMAAR,20211216
EMAARF2022,EMAAR F2022-DFF,F:EMAAR\F22,EMAAR,20220120
EMAARG2022,EMAAR G2022-DFF,F:EMAAR\G22,EMAAR,20220217
EMAARH2022,EMAAR H2022-DFF,F:EMAAR\H22,EMAAR,20220317
EMAARJ2022,EMAAR J2022-DFF,F:EMAAR\J22,EMAAR,20220421
EMAARK2022,EMAAR K2022-DFF,F:EMAAR\K22,EMAAR,20220519
EMAARM2022,EMAAR M2022-DFF,F:EMAAR\M22,EMAAR,20220616
EMAARN2022,EMAAR N2022-DFF,F:EMAAR\N22,EMAAR,20220721
EMAARQ2022,EMAAR Q2022-DFF,F:EMAAR\Q22,EMAAR,20220818
EMAARU2022,EMAAR U2022-DFF,F:EMAAR\U22,EMAAR,20220915
EMAARV2022,EMAAR V2022-DFF,F:EMAAR\V22,EMAAR,20221020
EMAARX2022,EMAAR X2022-DFF,F:EMAAR\X22,EMAAR,20221117
EMAARZ2022,EMAAR Z2022-DFF,F:EMAAR\Z22,EMAAR,20221215
EMAARF2023,EMAAR F2023-DFF,F:EMAAR\F23,EMAAR,20230119
EMAARG2023,EMAAR G2023-DFF,F:EMAAR\G23,EMAAR,20230216
EMAARH2023,EMAAR H2023-DFF,F:EMAAR\H23,EMAAR,20230316
EMAARJ2023,EMAAR J2023-DFF,F:EMAAR\J23,EMAAR,20230419
EMAARK2023,EMAAR K2023-DFF,F:EMAAR\K23,EMAAR,20230518
EMAARM2023,EMAAR M2023-DFF,F:EMAAR\M23,EMAAR,20230615
EMAARN2023,EMAAR N2023-DFF,F:EMAAR\N23,EMAAR,20230720
EMAARQ2023,EMAAR Q2023-DFF,F:EMAAR\Q23,EMAAR,20230817
EMPWRJ2023,EMPWR J2023-DFF,F:EMPWR\J23,EMPWR,20230419
EMPWRK2023,EMPWR K2023-DFF,F:EMPWR\K23,EMPWR,20230518
EMPWRM2023,EMPWR M2023-DFF,F:EMPWR\M23,EMPWR,20230615
EMPWRN2023,EMPWR N2023-DFF,F:EMPWR\N23,EMPWR,20230720
EMPWRQ2023,EMPWR Q2023-DFF,F:EMPWR\Q23,EMPWR,20230817
EMRDEVG2021,EMRDEV G2021-DFF,F:EMRDEV\G21,EMRDEV,20210218
EMRDEVH2021,EMRDEV H2021-DFF,F:EMRDEV\H21,EMRDEV,20210318
EMRDEVJ2021,EMRDEV J2021-DFF,F:EMRDEV\J21,EMRDEV,20210415
EMRDEVK2021,EMRDEV K2021-DFF,F:EMRDEV\K21,EMRDEV,20210520
EMRDEVM2021,EMRDEV M2021-DFF,F:EMRDEV\M21,EMRDEV,20210617
EMRDEVN2021,EMRDEV N2021-DFF,F:EMRDEV\N21,EMRDEV,20210715
EMRDEVQ2021,EMRDEV Q2021-DFF,F:EMRDEV\Q21,EMRDEV,20210819
EMRDEVU2021,EMRDEV U2021-DFF,F:EMRDEV\U21,EMRDEV,20210916
EMRDEVV2021,EMRDEV V2021-DFF,F:EMRDEV\V21,EMRDEV,20211021
EMRDEVX2021,EMRDEV X2021-DFF,F:EMRDEV\X21,EMRDEV,20211118
EMRDEVZ2021,EMRDEV Z2021-DFF,F:EMRDEV\Z21,EMRDEV,20211216
EMRDEVF2022,EMRDEV F2022-DFF,F:EMRDEV\F22,EMRDEV,20220120
EMRDEVG2022,EMRDEV G2022-DFF,F:EMRDEV\G22,EMRDEV,20220217
EMRDEVH2022,EMRDEV H2022-DFF,F:EMRDEV\H22,EMRDEV,20220317
EMRDEVJ2022,EMRDEV J2022-DFF,F:EMRDEV\J22,EMRDEV,20220421
EMRDEVK2022,EMRDEV K2022-DFF,F:EMRDEV\K22,EMRDEV,20220519
EMRDEVM2022,EMRDEV M2022-DFF,F:EMRDEV\M22,EMRDEV,20220616
EMRDEVN2022,EMRDEV N2022-DFF,F:EMRDEV\N22,EMRDEV,20220721
EMRDEVQ2022,EMRDEV Q2022-DFF,F:EMRDEV\Q22,EMRDEV,20220818
EMRDEVU2022,EMRDEV U2022-DFF,F:EMRDEV\U22,EMRDEV,20220915
EMRDEVV2022,EMRDEV V2022-DFF,F:EMRDEV\V22,EMRDEV,20221020
EMRDEVX2022,EMRDEV X2022-DFF,F:EMRDEV\X22,EMRDEV,20221117
EMRDEVZ2022,EMRDEV Z2022-DFF,F:EMRDEV\Z22,EMRDEV,20221215
EMRDEVF2023,EMRDEV F2023-DFF,F:EMRDEV\F23,EMRDEV,20230119
EMRDEVG2023,EMRDEV G2023-DFF,F:EMRDEV\G23,EMRDEV,20230216
EMRDEVH2023,EMRDEV H2023-DFF,F:EMRDEV\H23,EMRDEV,20230316
EMRDEVJ2023,EMRDEV J2023-DFF,F:EMRDEV\J23,EMRDEV,20230419
EMRDEVK2023,EMRDEV K2023-DFF,F:EMRDEV\K23,EMRDEV,20230518
EMRDEVM2023,EMRDEV M2023-DFF,F:EMRDEV\M23,EMRDEV,20230615
EMRDEVN2023,EMRDEV N2023-DFF,F:EMRDEV\N23,EMRDEV,20230720
EMRDEVQ2023,EMRDEV Q2023-DFF,F:EMRDEV\Q23,EMRDEV,20230817
ENBDG2021,ENBD G2021-DFF,F:ENBD\G21,ENBD,20210218
ENBDH2021,ENBD H2021-DFF,F:ENBD\H21,ENBD,20210318
ENBDJ2021,ENBD J2021-DFF,F:ENBD\J21,ENBD,20210415
ENBDK2021,ENBD K2021-DFF,F:ENBD\K21,ENBD,20210520
ENBDM2021,ENBD M2021-DFF,F:ENBD\M21,ENBD,20210617
ENBDN2021,ENBD N2021-DFF,F:ENBD\N21,ENBD,20210715
ENBDQ2021,ENBD Q2021-DFF,F:ENBD\Q21,ENBD,20210819
ENBDU2021,ENBD U2021-DFF,F:ENBD\U21,ENBD,20210916
ENBDV2021,ENBD V2021-DFF,F:ENBD\V21,ENBD,20211021
ENBDX2021,ENBD X2021-DFF,F:ENBD\X21,ENBD,20211118
ENBDZ2021,ENBD Z2021-DFF,F:ENBD\Z21,ENBD,20211216
ENBDF2022,ENBD F2022-DFF,F:ENBD\F22,ENBD,20220120
ENBDG2022,ENBD G2022-DFF,F:ENBD\G22,ENBD,20220217
ENBDH2022,ENBD H2022-DFF,F:ENBD\H22,ENBD,20220317
ENBDJ2022,ENBD J2022-DFF,F:ENBD\J22,ENBD,20220421
ENBDK2022,ENBD K2022-DFF,F:ENBD\K22,ENBD,20220519
ENBDM2022,ENBD M2022-DFF,F:ENBD\M22,ENBD,20220616
ENBDN2022,ENBD N2022-DFF,F:ENBD\N22,ENBD,20220721
ENBDQ2022,ENBD Q2022-DFF,F:ENBD\Q22,ENBD,20220818
ENBDU2022,ENBD U2022-DFF,F:ENBD\U22,ENBD,20220915
ENBDV2022,ENBD V2022-DFF,F:ENBD\V22,ENBD,20221020
ENBDX2022,ENBD X2022-DFF,F:ENBD\X22,ENBD,20221117
ENBDZ2022,ENBD Z2022-DFF,F:ENBD\Z22,ENBD,20221215
ENBDF2023,ENBD F2023-DFF,F:ENBD\F23,ENBD,20230119
ENBDG2023,ENBD G2023-DFF,F:ENBD\G23,ENBD,20230216
ENBDH2023,ENBD H2023-DFF,F:ENBD\H23,ENBD,20230316
ENBDJ2023,ENBD J2023-DFF,F:ENBD\J23,ENBD,20230419
ENBDK2023,ENBD K2023-DFF,F:ENBD\K23,ENBD,20230518
ENBDM2023,ENBD M2023-DFF,F:ENBD\M23,ENBD,20230615
ENBDN2023,ENBD N2023-DFF,F:ENBD\N23,ENBD,20230720
ENBDQ2023,ENBD Q2023-DFF,F:ENBD\Q23,ENBD,20230817
GFHJ2023,GFH J2023-DFF,F:GFH\J23,GFH,20230419
GFHK2023,GFH K2023-DFF,F:GFH\K23,GFH,20230518
GFHM2023,GFH M2023-DFF,F:GFH\M23,GFH,20230615
GFHN2023,GFH N2023-DFF,F:GFH\N23,GFH,20230720
GFHQ2023,GFH Q2023-DFF,F:GFH\Q23,GFH,20230817
OMOILK2023,OMOIL K2023-DFF,F:OMOIL\K23,OMOIL,20230324
OMOILM2023,OMOIL M2023-DFF,F:OMOIL\M23,OMOIL,20230419
OMOILN2023,OMOIL N2023-DFF,F:OMOIL\N23,OMOIL,20230524
OMOILQ2023,OMOIL Q2023-DFF,F:OMOIL\Q23,OMOIL,20230623
OMOILU2023,OMOIL U2023-DFF,F:OMOIL\U23,OMOIL,20230724
OMOILV2023,OMOIL V2023-DFF,F:OMOIL\V23,OMOIL,20230824
OMOILX2023,OMOIL X2023-DFF,F:OMOIL\X23,OMOIL,20230922
OMOILZ2023,OMOIL Z2023-DFF,F:OMOIL\Z23,OMOIL,20231024
OMOILF2024,OMOIL F2024-DFF,F:OMOIL\F24,OMOIL,20231123
OMOILG2024,OMOIL G2024-DFF,F:OMOIL\G24,OMOIL,20231222
OMOILH2024,OMOIL H2024-DFF,F:OMOIL\H24,OMOIL,20240124
OMOILJ2024,OMOIL J2024-DFF,F:OMOIL\J24,OMOIL,20240222
OMOILK2024,OMOIL K2024-DFF,F:OMOIL\K24,OMOIL,20240322
OMOILM2024,OMOIL M2024-DFF,F:OMOIL\M24,OMOIL,20240423
OMOILN2024,OMOIL N2024-DFF,F:OMOIL\N24,OMOIL,20240524
SALIKJ2023,SALIK J2023-DFF,F:SALIK\J23,SALIK,20230419
SALIKK2023,SALIK K2023-DFF,F:SALIK\K23,SALIK,20230518
SALIKM2023,SALIK M2023-DFF,F:SALIK\M23,SALIK,20230615
SALIKN2023,SALIK N2023-DFF,F:SALIK\N23,SALIK,20230720
SALIKQ2023,SALIK Q2023-DFF,F:SALIK\Q23,SALIK,20230817
SHUAAG2022,SHUAA G2022-DFF,F:SHUAA\G22,SHUAA,20220217
SHUAAH2022,SHUAA H2022-DFF,F:SHUAA\H22,SHUAA,20220317
SHUAAJ2022,SHUAA J2022-DFF,F:SHUAA\J22,SHUAA,20220421
SHUAAK2022,SHUAA K2022-DFF,F:SHUAA\K22,SHUAA,20220519
SHUAAM2022,SHUAA M2022-DFF,F:SHUAA\M22,SHUAA,20220616
SHUAAN2022,SHUAA N2022-DFF,F:SHUAA\N22,SHUAA,20220721
SHUAAQ2022,SHUAA Q2022-DFF,F:SHUAA\Q22,SHUAA,20220818
SHUAAU2022,SHUAA U2022-DFF,F:SHUAA\U22,SHUAA,20220915
SHUAAV2022,SHUAA V2022-DFF,F:SHUAA\V22,SHUAA,20221020
SHUAAX2022,SHUAA X2022-DFF,F:SHUAA\X22,SHUAA,20221117
SHUAAZ2022,SHUAA Z2022-DFF,F:SHUAA\Z22,SHUAA,20221215
SHUAAF2023,SHUAA F2023-DFF,F:SHUAA\F23,SHUAA,20230119
SHUAAG2023,SHUAA G2023-DFF,F:SHUAA\G23,SHUAA,20230216
SHUAAH2023,SHUAA H2023-DFF,F:SHUAA\H23,SHUAA,20230316
SHUAAJ2023,SHUAA J2023-DFF,F:SHUAA\J23,SHUAA,20230419
SHUAAK2023,SHUAA K2023-DFF,F:SHUAA\K23,SHUAA,20230518
SHUAAM2023,SHUAA M2023-DFF,F:SHUAA\M23,SHUAA,20230615
SHUAAN2023,SHUAA N2023-DFF,F:SHUAA\N23,SHUAA,20230720
SHUAAQ2023,SHUAA Q2023-DFF,F:SHUAA\Q23,SHUAA,20230817
