ADCBH2017,ADCB H2017-NQF,F:ADCB\H17,ADCB,20170316
ADCBJ2017,ADCB J2017-NQF,F:ADCB\J17,ADCB,20170420
ADCBK2017,ADCB K2017-NQF,F:ADCB\K17,ADCB,20170518
ADCBM2017,ADCB M2017-NQF,F:ADCB\M17,ADCB,20170615
ADCBN2017,ADCB N2017-NQF,F:ADCB\N17,ADCB,20170720
ADCBQ2017,ADCB Q2017-NQF,F:ADCB\Q17,ADCB,20170817
ADCBU2017,ADCB U2017-NQF,F:ADCB\U17,ADCB,20170921
ADCBV2017,ADCB V2017-NQF,F:ADCB\V17,ADCB,20171019
ADCBX2017,ADCB X2017-NQF,F:ADCB\X17,ADCB,20171116
ADCBZ2017,ADCB Z2017-NQF,F:ADCB\Z17,ADCB,20171221
ADCBF2018,ADCB F2018-NQF,F:ADCB\F18,ADCB,20180131
ADCBG2018,ADCB G2018-NQF,F:ADCB\G18,ADCB,20180228
ADCBH2018,ADCB H2018-NQF,F:ADCB\H18,ADCB,20180330
ADCBJ2018,ADCB J2018-NQF,F:ADCB\J18,ADCB,20180430
ADCBK2018,ADCB K2018-NQF,F:ADCB\K18,ADCB,20180517
ADCBM2018,ADCB M2018-NQF,F:ADCB\M18,ADCB,20180629
ADCBN2018,ADCB N2018-NQF,F:ADCB\N18,ADCB,20180731
ADCBQ2018,ADCB Q2018-NQF,F:ADCB\Q18,ADCB,20180816
ADCBU2018,ADCB U2018-NQF,F:ADCB\U18,ADCB,20180920
ADCBV2018,ADCB V2018-NQF,F:ADCB\V18,ADCB,20181018
ADCBX2018,ADCB X2018-NQF,F:ADCB\X18,ADCB,20181115
ADCBZ2018,ADCB Z2018-NQF,F:ADCB\Z18,ADCB,20181220
ADCBF2019,ADCB F2019-NQF,F:ADCB\F19,ADCB,20190117
ADCBG2019,ADCB G2019-NQF,F:ADCB\G19,ADCB,20190221
ADCBH2019,ADCB H2019-NQF,F:ADCB\H19,ADCB,20190322
ADCBJ2019,ADCB J2019-NQF,F:ADCB\J19,ADCB,20190418
ADCBK2019,ADCB K2019-NQF,F:ADCB\K19,ADCB,20190523
ADCBM2019,ADCB M2019-NQF,F:ADCB\M19,ADCB,20190620
ADCBN2019,ADCB N2019-NQF,F:ADCB\N19,ADCB,20190718
ADCBQ2019,ADCB Q2019-NQF,F:ADCB\Q19,ADCB,20190815
ADCBU2019,ADCB U2019-NQF,F:ADCB\U19,ADCB,20190919
ADCBV2019,ADCB V2019-NQF,F:ADCB\V19,ADCB,20191017
ADCBX2019,ADCB X2019-NQF,F:ADCB\X19,ADCB,20191121
ADCBZ2019,ADCB Z2019-NQF,F:ADCB\Z19,ADCB,20191219
ADCBF2020,ADCB F2020-NQF,F:ADCB\F20,ADCB,20200116
ADCBG2020,ADCB G2020-NQF,F:ADCB\G20,ADCB,20200220
ADCBH2020,ADCB H2020-NQF,F:ADCB\H20,ADCB,20200319
ADCBJ2020,ADCB J2020-NQF,F:ADCB\J20,ADCB,20200416
ADCBK2020,ADCB K2020-NQF,F:ADCB\K20,ADCB,20200521
ADCBM2020,ADCB M2020-NQF,F:ADCB\M20,ADCB,20200618
ADCBN2020,ADCB N2020-NQF,F:ADCB\N20,ADCB,20200716
ADCBQ2020,ADCB Q2020-NQF,F:ADCB\Q20,ADCB,20200820
ADCBU2020,ADCB U2020-NQF,F:ADCB\U20,ADCB,20200917
ADCBV2020,ADCB V2020-NQF,F:ADCB\V20,ADCB,20201015
ADCBX2020,ADCB X2020-NQF,F:ADCB\X20,ADCB,20201119
ADCBZ2020,ADCB Z2020-NQF,F:ADCB\Z20,ADCB,20201217
ADCBF2021,ADCB F2021-NQF,F:ADCB\F21,ADCB,20210121
ADCBG2021,ADCB G2021-NQF,F:ADCB\G21,ADCB,20210218
ADCBH2021,ADCB H2021-NQF,F:ADCB\H21,ADCB,20210318
ADCBJ2021,ADCB J2021-NQF,F:ADCB\J21,ADCB,20210415
ADCBK2021,ADCB K2021-NQF,F:ADCB\K21,ADCB,20210520
ADCBM2021,ADCB M2021-NQF,F:ADCB\M21,ADCB,20210617
ADCBN2021,ADCB N2021-NQF,F:ADCB\N21,ADCB,20210715
ADCBQ2021,ADCB Q2021-NQF,F:ADCB\Q21,ADCB,20210819
ADCBU2021,ADCB U2021-NQF,F:ADCB\U21,ADCB,20210916
ADCBV2021,ADCB V2021-NQF,F:ADCB\V21,ADCB,20211021
ADCBX2021,ADCB X2021-NQF,F:ADCB\X21,ADCB,20211118
ADCBZ2021,ADCB Z2021-NQF,F:ADCB\Z21,ADCB,20211216
ADCBF2022,ADCB F2022-NQF,F:ADCB\F22,ADCB,20220120
ADCBG2022,ADCB G2022-NQF,F:ADCB\G22,ADCB,20220217
ADCBH2022,ADCB H2022-NQF,F:ADCB\H22,ADCB,20220317
ADCBJ2022,ADCB J2022-NQF,F:ADCB\J22,ADCB,20220421
ADCBK2022,ADCB K2022-NQF,F:ADCB\K22,ADCB,20220519
ADCBM2022,ADCB M2022-NQF,F:ADCB\M22,ADCB,20220616
ADCBN2022,ADCB N2022-NQF,F:ADCB\N22,ADCB,20220721
ADCBQ2022,ADCB Q2022-NQF,F:ADCB\Q22,ADCB,20220818
ADCBU2022,ADCB U2022-NQF,F:ADCB\U22,ADCB,20220915
ADCBV2022,ADCB V2022-NQF,F:ADCB\V22,ADCB,20221020
ADCBX2022,ADCB X2022-NQF,F:ADCB\X22,ADCB,20221117
ADCBZ2022,ADCB Z2022-NQF,F:ADCB\Z22,ADCB,20221215
ADCBF2023,ADCB F2023-NQF,F:ADCB\F23,ADCB,20230119
ADCBG2023,ADCB G2023-NQF,F:ADCB\G23,ADCB,20230216
ADCBH2023,ADCB H2023-NQF,F:ADCB\H23,ADCB,20230316
ADCBJ2023,ADCB J2023-NQF,F:ADCB\J23,ADCB,20230420
ADCBK2023,ADCB K2023-NQF,F:ADCB\K23,ADCB,20230518
ADCBM2023,ADCB M2023-NQF,F:ADCB\M23,ADCB,20230615
ADCBN2023,ADCB N2023-NQF,F:ADCB\N23,ADCB,20230720
ADCBQ2023,ADCB Q2023-NQF,F:ADCB\Q23,ADCB,20230817
ADCBU2023,ADCB U2023-NQF,F:ADCB\U23,ADCB,20230921
ADCBV2023,ADCB V2023-NQF,F:ADCB\V23,ADCB,20231019
ADNCDTH2019,ADNCDT H2019-NQF,F:ADNCDT\H19,ADNCDT,20190322
ADNCDTJ2019,ADNCDT J2019-NQF,F:ADNCDT\J19,ADNCDT,20190418
ADNCDTK2019,ADNCDT K2019-NQF,F:ADNCDT\K19,ADNCDT,20190523
ADNCDTM2019,ADNCDT M2019-NQF,F:ADNCDT\M19,ADNCDT,20190620
ADNCDTN2019,ADNCDT N2019-NQF,F:ADNCDT\N19,ADNCDT,20190718
ADNCDTQ2019,ADNCDT Q2019-NQF,F:ADNCDT\Q19,ADNCDT,20190815
ADNCDTU2019,ADNCDT U2019-NQF,F:ADNCDT\U19,ADNCDT,20190919
ADNCDTV2019,ADNCDT V2019-NQF,F:ADNCDT\V19,ADNCDT,20191017
ADNCDTX2019,ADNCDT X2019-NQF,F:ADNCDT\X19,ADNCDT,20191121
ADNCDTZ2019,ADNCDT Z2019-NQF,F:ADNCDT\Z19,ADNCDT,20191219
ADNCDTF2020,ADNCDT F2020-NQF,F:ADNCDT\F20,ADNCDT,20200116
ADNCDTG2020,ADNCDT G2020-NQF,F:ADNCDT\G20,ADNCDT,20200220
ADNCDTH2020,ADNCDT H2020-NQF,F:ADNCDT\H20,ADNCDT,20200319
ADNCDTJ2020,ADNCDT J2020-NQF,F:ADNCDT\J20,ADNCDT,20200416
ADNCDTK2020,ADNCDT K2020-NQF,F:ADNCDT\K20,ADNCDT,20200521
ADNCDTM2020,ADNCDT M2020-NQF,F:ADNCDT\M20,ADNCDT,20200618
ADNCDTN2020,ADNCDT N2020-NQF,F:ADNCDT\N20,ADNCDT,20200716
ADNCDTQ2020,ADNCDT Q2020-NQF,F:ADNCDT\Q20,ADNCDT,20200820
ADNCDTU2020,ADNCDT U2020-NQF,F:ADNCDT\U20,ADNCDT,20200917
ADNCDTV2020,ADNCDT V2020-NQF,F:ADNCDT\V20,ADNCDT,20201015
ADNCDTX2020,ADNCDT X2020-NQF,F:ADNCDT\X20,ADNCDT,20201119
ADNCDTZ2020,ADNCDT Z2020-NQF,F:ADNCDT\Z20,ADNCDT,20201217
ADNCDTF2021,ADNCDT F2021-NQF,F:ADNCDT\F21,ADNCDT,20210121
ADNCDTG2021,ADNCDT G2021-NQF,F:ADNCDT\G21,ADNCDT,20210218
ADNCDTH2021,ADNCDT H2021-NQF,F:ADNCDT\H21,ADNCDT,20210318
ADNCDTJ2021,ADNCDT J2021-NQF,F:ADNCDT\J21,ADNCDT,20210415
ADNCDTK2021,ADNCDT K2021-NQF,F:ADNCDT\K21,ADNCDT,20210520
ADNCDTM2021,ADNCDT M2021-NQF,F:ADNCDT\M21,ADNCDT,20210617
ADNCDTN2021,ADNCDT N2021-NQF,F:ADNCDT\N21,ADNCDT,20210715
ADNCDTQ2021,ADNCDT Q2021-NQF,F:ADNCDT\Q21,ADNCDT,20210819
ADNCDTU2021,ADNCDT U2021-NQF,F:ADNCDT\U21,ADNCDT,20210916
ADNCDTV2021,ADNCDT V2021-NQF,F:ADNCDT\V21,ADNCDT,20211021
ADNCDTX2021,ADNCDT X2021-NQF,F:ADNCDT\X21,ADNCDT,20211118
ADNCDTZ2021,ADNCDT Z2021-NQF,F:ADNCDT\Z21,ADNCDT,20211216
ADNCDTF2022,ADNCDT F2022-NQF,F:ADNCDT\F22,ADNCDT,20220120
ADNCDTG2022,ADNCDT G2022-NQF,F:ADNCDT\G22,ADNCDT,20220217
ADNCDTH2022,ADNCDT H2022-NQF,F:ADNCDT\H22,ADNCDT,20220317
ADNCDTJ2022,ADNCDT J2022-NQF,F:ADNCDT\J22,ADNCDT,20220421
ADNCDTK2022,ADNCDT K2022-NQF,F:ADNCDT\K22,ADNCDT,20220519
ADNCDTM2022,ADNCDT M2022-NQF,F:ADNCDT\M22,ADNCDT,20220616
ADNCDTN2022,ADNCDT N2022-NQF,F:ADNCDT\N22,ADNCDT,20220721
ADNCDTQ2022,ADNCDT Q2022-NQF,F:ADNCDT\Q22,ADNCDT,20220818
ADNCDTU2022,ADNCDT U2022-NQF,F:ADNCDT\U22,ADNCDT,20220915
ADNCDTV2022,ADNCDT V2022-NQF,F:ADNCDT\V22,ADNCDT,20221020
ADNCDTX2022,ADNCDT X2022-NQF,F:ADNCDT\X22,ADNCDT,20221117
ADNCDTZ2022,ADNCDT Z2022-NQF,F:ADNCDT\Z22,ADNCDT,20221215
ADNCDTF2023,ADNCDT F2023-NQF,F:ADNCDT\F23,ADNCDT,20230119
ADNCDTG2023,ADNCDT G2023-NQF,F:ADNCDT\G23,ADNCDT,20230216
ADNCDTH2023,ADNCDT H2023-NQF,F:ADNCDT\H23,ADNCDT,20230316
ADNCDTJ2023,ADNCDT J2023-NQF,F:ADNCDT\J23,ADNCDT,20230420
ADNCDTK2023,ADNCDT K2023-NQF,F:ADNCDT\K23,ADNCDT,20230518
ADNCDTM2023,ADNCDT M2023-NQF,F:ADNCDT\M23,ADNCDT,20230615
ADNCDTN2023,ADNCDT N2023-NQF,F:ADNCDT\N23,ADNCDT,20230720
ADNCDTQ2023,ADNCDT Q2023-NQF,F:ADNCDT\Q23,ADNCDT,20230817
ADNCDTU2023,ADNCDT U2023-NQF,F:ADNCDT\U23,ADNCDT,20230921
ADNCDTV2023,ADNCDT V2023-NQF,F:ADNCDT\V23,ADNCDT,20231019
ALARKNJ2019,ALARKN J2019-NQF,F:ALARKN\J19,ALARKN,20190418
ALARKNK2019,ALARKN K2019-NQF,F:ALARKN\K19,ALARKN,20190523
ALARKNM2019,ALARKN M2019-NQF,F:ALARKN\M19,ALARKN,20190620
ALARKNN2019,ALARKN N2019-NQF,F:ALARKN\N19,ALARKN,20190718
ALARKNQ2019,ALARKN Q2019-NQF,F:ALARKN\Q19,ALARKN,20190815
ALARKNU2019,ALARKN U2019-NQF,F:ALARKN\U19,ALARKN,20190919
ALARKNV2019,ALARKN V2019-NQF,F:ALARKN\V19,ALARKN,20191017
ALARKNX2019,ALARKN X2019-NQF,F:ALARKN\X19,ALARKN,20191121
ALARKNZ2019,ALARKN Z2019-NQF,F:ALARKN\Z19,ALARKN,20191219
ALARKNF2020,ALARKN F2020-NQF,F:ALARKN\F20,ALARKN,20200116
ALARKNG2020,ALARKN G2020-NQF,F:ALARKN\G20,ALARKN,20200220
ALARKNH2020,ALARKN H2020-NQF,F:ALARKN\H20,ALARKN,20200319
ALARKNJ2020,ALARKN J2020-NQF,F:ALARKN\J20,ALARKN,20200416
ALARKNK2020,ALARKN K2020-NQF,F:ALARKN\K20,ALARKN,20200521
ALARKNM2020,ALARKN M2020-NQF,F:ALARKN\M20,ALARKN,20200618
ALARKNN2020,ALARKN N2020-NQF,F:ALARKN\N20,ALARKN,20200716
ALARKNQ2020,ALARKN Q2020-NQF,F:ALARKN\Q20,ALARKN,20200820
ALARKNU2020,ALARKN U2020-NQF,F:ALARKN\U20,ALARKN,20200917
ALARKNV2020,ALARKN V2020-NQF,F:ALARKN\V20,ALARKN,20201015
ALARKNX2020,ALARKN X2020-NQF,F:ALARKN\X20,ALARKN,20201119
ALARKNZ2020,ALARKN Z2020-NQF,F:ALARKN\Z20,ALARKN,20201217
ALARKNF2021,ALARKN F2021-NQF,F:ALARKN\F21,ALARKN,20210121
ALARKNG2021,ALARKN G2021-NQF,F:ALARKN\G21,ALARKN,20210218
ALARKNH2021,ALARKN H2021-NQF,F:ALARKN\H21,ALARKN,20210318
ALARKNJ2021,ALARKN J2021-NQF,F:ALARKN\J21,ALARKN,20210415
ALARKNK2021,ALARKN K2021-NQF,F:ALARKN\K21,ALARKN,20210520
ALARKNM2021,ALARKN M2021-NQF,F:ALARKN\M21,ALARKN,20210617
ALARKNN2021,ALARKN N2021-NQF,F:ALARKN\N21,ALARKN,20210715
ALARKNQ2021,ALARKN Q2021-NQF,F:ALARKN\Q21,ALARKN,20210819
ALARKNU2021,ALARKN U2021-NQF,F:ALARKN\U21,ALARKN,20210916
ALARKNV2021,ALARKN V2021-NQF,F:ALARKN\V21,ALARKN,20211021
ALARKNX2021,ALARKN X2021-NQF,F:ALARKN\X21,ALARKN,20211118
ALARKNZ2021,ALARKN Z2021-NQF,F:ALARKN\Z21,ALARKN,20211216
ALARKNF2022,ALARKN F2022-NQF,F:ALARKN\F22,ALARKN,20220120
ALARKNG2022,ALARKN G2022-NQF,F:ALARKN\G22,ALARKN,20220217
ALARKNH2022,ALARKN H2022-NQF,F:ALARKN\H22,ALARKN,20220317
ALARKNJ2022,ALARKN J2022-NQF,F:ALARKN\J22,ALARKN,20220421
ALARKNK2022,ALARKN K2022-NQF,F:ALARKN\K22,ALARKN,20220519
ALARKNM2022,ALARKN M2022-NQF,F:ALARKN\M22,ALARKN,20220616
ALARKNN2022,ALARKN N2022-NQF,F:ALARKN\N22,ALARKN,20220721
ALARKNQ2022,ALARKN Q2022-NQF,F:ALARKN\Q22,ALARKN,20220818
ALARKNU2022,ALARKN U2022-NQF,F:ALARKN\U22,ALARKN,20220915
ALARKNV2022,ALARKN V2022-NQF,F:ALARKN\V22,ALARKN,20221020
ALARKNX2022,ALARKN X2022-NQF,F:ALARKN\X22,ALARKN,20221117
ALARKNZ2022,ALARKN Z2022-NQF,F:ALARKN\Z22,ALARKN,20221215
ALARKNF2023,ALARKN F2023-NQF,F:ALARKN\F23,ALARKN,20230119
ALARKNG2023,ALARKN G2023-NQF,F:ALARKN\G23,ALARKN,20230216
ALARKNH2023,ALARKN H2023-NQF,F:ALARKN\H23,ALARKN,20230316
ALARKNJ2023,ALARKN J2023-NQF,F:ALARKN\J23,ALARKN,20230420
ALARKNK2023,ALARKN K2023-NQF,F:ALARKN\K23,ALARKN,20230518
ALARKNM2023,ALARKN M2023-NQF,F:ALARKN\M23,ALARKN,20230615
ALARKNN2023,ALARKN N2023-NQF,F:ALARKN\N23,ALARKN,20230720
ALARKNQ2023,ALARKN Q2023-NQF,F:ALARKN\Q23,ALARKN,20230817
ALARKNU2023,ALARKN U2023-NQF,F:ALARKN\U23,ALARKN,20230921
ALARKNV2023,ALARKN V2023-NQF,F:ALARKN\V23,ALARKN,20231019
ALDARV2016,ALDAR V2016-NQF,F:ALDAR\V16,ALDAR,20161020
ALDARX2016,ALDAR X2016-NQF,F:ALDAR\X16,ALDAR,20161117
ALDARZ2016,ALDAR Z2016-NQF,F:ALDAR\Z16,ALDAR,20161215
ALDARF2017,ALDAR F2017-NQF,F:ALDAR\F17,ALDAR,20170119
ALDARG2017,ALDAR G2017-NQF,F:ALDAR\G17,ALDAR,20170216
ALDARH2017,ALDAR H2017-NQF,F:ALDAR\H17,ALDAR,20170316
ALDARJ2017,ALDAR J2017-NQF,F:ALDAR\J17,ALDAR,20170420
ALDARK2017,ALDAR K2017-NQF,F:ALDAR\K17,ALDAR,20170518
ALDARM2017,ALDAR M2017-NQF,F:ALDAR\M17,ALDAR,20170615
ALDARN2017,ALDAR N2017-NQF,F:ALDAR\N17,ALDAR,20170720
ALDARQ2017,ALDAR Q2017-NQF,F:ALDAR\Q17,ALDAR,20170817
ALDARU2017,ALDAR U2017-NQF,F:ALDAR\U17,ALDAR,20170921
ALDARV2017,ALDAR V2017-NQF,F:ALDAR\V17,ALDAR,20171019
ALDARX2017,ALDAR X2017-NQF,F:ALDAR\X17,ALDAR,20171116
ALDARZ2017,ALDAR Z2017-NQF,F:ALDAR\Z17,ALDAR,20171221
ALDARF2018,ALDAR F2018-NQF,F:ALDAR\F18,ALDAR,20180131
ALDARG2018,ALDAR G2018-NQF,F:ALDAR\G18,ALDAR,20180228
ALDARH2018,ALDAR H2018-NQF,F:ALDAR\H18,ALDAR,20180330
ALDARJ2018,ALDAR J2018-NQF,F:ALDAR\J18,ALDAR,20180430
ALDARK2018,ALDAR K2018-NQF,F:ALDAR\K18,ALDAR,20180517
ALDARM2018,ALDAR M2018-NQF,F:ALDAR\M18,ALDAR,20180629
ALDARN2018,ALDAR N2018-NQF,F:ALDAR\N18,ALDAR,20180731
ALDARQ2018,ALDAR Q2018-NQF,F:ALDAR\Q18,ALDAR,20180816
ALDARU2018,ALDAR U2018-NQF,F:ALDAR\U18,ALDAR,20180920
ALDARV2018,ALDAR V2018-NQF,F:ALDAR\V18,ALDAR,20181018
ALDARX2018,ALDAR X2018-NQF,F:ALDAR\X18,ALDAR,20181115
ALDARZ2018,ALDAR Z2018-NQF,F:ALDAR\Z18,ALDAR,20181220
ALDARF2019,ALDAR F2019-NQF,F:ALDAR\F19,ALDAR,20190117
ALDARG2019,ALDAR G2019-NQF,F:ALDAR\G19,ALDAR,20190221
ALDARH2019,ALDAR H2019-NQF,F:ALDAR\H19,ALDAR,20190322
ALDARJ2019,ALDAR J2019-NQF,F:ALDAR\J19,ALDAR,20190418
ALDARK2019,ALDAR K2019-NQF,F:ALDAR\K19,ALDAR,20190523
ALDARM2019,ALDAR M2019-NQF,F:ALDAR\M19,ALDAR,20190620
ALDARN2019,ALDAR N2019-NQF,F:ALDAR\N19,ALDAR,20190718
ALDARQ2019,ALDAR Q2019-NQF,F:ALDAR\Q19,ALDAR,20190815
ALDARU2019,ALDAR U2019-NQF,F:ALDAR\U19,ALDAR,20190919
ALDARV2019,ALDAR V2019-NQF,F:ALDAR\V19,ALDAR,20191017
ALDARX2019,ALDAR X2019-NQF,F:ALDAR\X19,ALDAR,20191121
ALDARZ2019,ALDAR Z2019-NQF,F:ALDAR\Z19,ALDAR,20191219
ALDARF2020,ALDAR F2020-NQF,F:ALDAR\F20,ALDAR,20200116
ALDARG2020,ALDAR G2020-NQF,F:ALDAR\G20,ALDAR,20200220
ALDARH2020,ALDAR H2020-NQF,F:ALDAR\H20,ALDAR,20200319
ALDARJ2020,ALDAR J2020-NQF,F:ALDAR\J20,ALDAR,20200416
ALDARK2020,ALDAR K2020-NQF,F:ALDAR\K20,ALDAR,20200521
ALDARM2020,ALDAR M2020-NQF,F:ALDAR\M20,ALDAR,20200618
ALDARN2020,ALDAR N2020-NQF,F:ALDAR\N20,ALDAR,20200716
ALDARQ2020,ALDAR Q2020-NQF,F:ALDAR\Q20,ALDAR,20200820
ALDARU2020,ALDAR U2020-NQF,F:ALDAR\U20,ALDAR,20200917
ALDARV2020,ALDAR V2020-NQF,F:ALDAR\V20,ALDAR,20201015
ALDARX2020,ALDAR X2020-NQF,F:ALDAR\X20,ALDAR,20201119
ALDARZ2020,ALDAR Z2020-NQF,F:ALDAR\Z20,ALDAR,20201217
ALDARF2021,ALDAR F2021-NQF,F:ALDAR\F21,ALDAR,20210121
ALDARG2021,ALDAR G2021-NQF,F:ALDAR\G21,ALDAR,20210218
ALDARH2021,ALDAR H2021-NQF,F:ALDAR\H21,ALDAR,20210318
ALDARJ2021,ALDAR J2021-NQF,F:ALDAR\J21,ALDAR,20210415
ALDARK2021,ALDAR K2021-NQF,F:ALDAR\K21,ALDAR,20210520
ALDARM2021,ALDAR M2021-NQF,F:ALDAR\M21,ALDAR,20210617
ALDARN2021,ALDAR N2021-NQF,F:ALDAR\N21,ALDAR,20210715
ALDARQ2021,ALDAR Q2021-NQF,F:ALDAR\Q21,ALDAR,20210819
ALDARU2021,ALDAR U2021-NQF,F:ALDAR\U21,ALDAR,20210916
ALDARV2021,ALDAR V2021-NQF,F:ALDAR\V21,ALDAR,20211021
ALDARX2021,ALDAR X2021-NQF,F:ALDAR\X21,ALDAR,20211118
ALDARZ2021,ALDAR Z2021-NQF,F:ALDAR\Z21,ALDAR,20211216
ALDARF2022,ALDAR F2022-NQF,F:ALDAR\F22,ALDAR,20220120
ALDARG2022,ALDAR G2022-NQF,F:ALDAR\G22,ALDAR,20220217
ALDARH2022,ALDAR H2022-NQF,F:ALDAR\H22,ALDAR,20220317
ALDARJ2022,ALDAR J2022-NQF,F:ALDAR\J22,ALDAR,20220421
ALDARK2022,ALDAR K2022-NQF,F:ALDAR\K22,ALDAR,20220519
ALDARM2022,ALDAR M2022-NQF,F:ALDAR\M22,ALDAR,20220616
ALDARN2022,ALDAR N2022-NQF,F:ALDAR\N22,ALDAR,20220721
ALDARQ2022,ALDAR Q2022-NQF,F:ALDAR\Q22,ALDAR,20220818
ALDARU2022,ALDAR U2022-NQF,F:ALDAR\U22,ALDAR,20220915
ALDARV2022,ALDAR V2022-NQF,F:ALDAR\V22,ALDAR,20221020
ALDARX2022,ALDAR X2022-NQF,F:ALDAR\X22,ALDAR,20221117
ALDARZ2022,ALDAR Z2022-NQF,F:ALDAR\Z22,ALDAR,20221215
ALDARF2023,ALDAR F2023-NQF,F:ALDAR\F23,ALDAR,20230119
ALDARG2023,ALDAR G2023-NQF,F:ALDAR\G23,ALDAR,20230216
ALDARH2023,ALDAR H2023-NQF,F:ALDAR\H23,ALDAR,20230316
ALDARJ2023,ALDAR J2023-NQF,F:ALDAR\J23,ALDAR,20230420
ALDARK2023,ALDAR K2023-NQF,F:ALDAR\K23,ALDAR,20230518
ALDARM2023,ALDAR M2023-NQF,F:ALDAR\M23,ALDAR,20230615
ALDARN2023,ALDAR N2023-NQF,F:ALDAR\N23,ALDAR,20230720
ALDARQ2023,ALDAR Q2023-NQF,F:ALDAR\Q23,ALDAR,20230817
ALDARU2023,ALDAR U2023-NQF,F:ALDAR\U23,ALDAR,20230921
ALDARV2023,ALDAR V2023-NQF,F:ALDAR\V23,ALDAR,20231019
ALINMAJ2019,ALINMA J2019-NQF,F:ALINMA\J19,ALINMA,20190418
ALINMAK2019,ALINMA K2019-NQF,F:ALINMA\K19,ALINMA,20190523
ALINMAM2019,ALINMA M2019-NQF,F:ALINMA\M19,ALINMA,20190620
ALINMAN2019,ALINMA N2019-NQF,F:ALINMA\N19,ALINMA,20190718
ALINMAQ2019,ALINMA Q2019-NQF,F:ALINMA\Q19,ALINMA,20190815
ALINMAU2019,ALINMA U2019-NQF,F:ALINMA\U19,ALINMA,20190919
ALINMAV2019,ALINMA V2019-NQF,F:ALINMA\V19,ALINMA,20191017
ALINMAX2019,ALINMA X2019-NQF,F:ALINMA\X19,ALINMA,20191121
ALINMAZ2019,ALINMA Z2019-NQF,F:ALINMA\Z19,ALINMA,20191219
ALINMAF2020,ALINMA F2020-NQF,F:ALINMA\F20,ALINMA,20200116
ALINMAG2020,ALINMA G2020-NQF,F:ALINMA\G20,ALINMA,20200220
ALINMAH2020,ALINMA H2020-NQF,F:ALINMA\H20,ALINMA,20200319
ALINMAJ2020,ALINMA J2020-NQF,F:ALINMA\J20,ALINMA,20200416
ALINMAK2020,ALINMA K2020-NQF,F:ALINMA\K20,ALINMA,20200521
ALINMAM2020,ALINMA M2020-NQF,F:ALINMA\M20,ALINMA,20200618
ALINMAN2020,ALINMA N2020-NQF,F:ALINMA\N20,ALINMA,20200716
ALINMAQ2020,ALINMA Q2020-NQF,F:ALINMA\Q20,ALINMA,20200820
ALINMAU2020,ALINMA U2020-NQF,F:ALINMA\U20,ALINMA,20200917
ALINMAV2020,ALINMA V2020-NQF,F:ALINMA\V20,ALINMA,20201015
ALINMAX2020,ALINMA X2020-NQF,F:ALINMA\X20,ALINMA,20201119
ALINMAZ2020,ALINMA Z2020-NQF,F:ALINMA\Z20,ALINMA,20201217
ALINMAF2021,ALINMA F2021-NQF,F:ALINMA\F21,ALINMA,20210121
ALINMAG2021,ALINMA G2021-NQF,F:ALINMA\G21,ALINMA,20210218
ALINMAH2021,ALINMA H2021-NQF,F:ALINMA\H21,ALINMA,20210318
ALINMAJ2021,ALINMA J2021-NQF,F:ALINMA\J21,ALINMA,20210415
ALINMAK2021,ALINMA K2021-NQF,F:ALINMA\K21,ALINMA,20210520
ALINMAM2021,ALINMA M2021-NQF,F:ALINMA\M21,ALINMA,20210617
ALINMAN2021,ALINMA N2021-NQF,F:ALINMA\N21,ALINMA,20210715
ALINMAQ2021,ALINMA Q2021-NQF,F:ALINMA\Q21,ALINMA,20210819
ALINMAU2021,ALINMA U2021-NQF,F:ALINMA\U21,ALINMA,20210916
ALINMAV2021,ALINMA V2021-NQF,F:ALINMA\V21,ALINMA,20211021
ALINMAX2021,ALINMA X2021-NQF,F:ALINMA\X21,ALINMA,20211118
ALINMAZ2021,ALINMA Z2021-NQF,F:ALINMA\Z21,ALINMA,20211216
ALINMAF2022,ALINMA F2022-NQF,F:ALINMA\F22,ALINMA,20220120
ALINMAG2022,ALINMA G2022-NQF,F:ALINMA\G22,ALINMA,20220217
ALINMAH2022,ALINMA H2022-NQF,F:ALINMA\H22,ALINMA,20220317
ALINMAJ2022,ALINMA J2022-NQF,F:ALINMA\J22,ALINMA,20220421
ALINMAK2022,ALINMA K2022-NQF,F:ALINMA\K22,ALINMA,20220519
ALINMAM2022,ALINMA M2022-NQF,F:ALINMA\M22,ALINMA,20220616
ALINMAN2022,ALINMA N2022-NQF,F:ALINMA\N22,ALINMA,20220721
ALINMAQ2022,ALINMA Q2022-NQF,F:ALINMA\Q22,ALINMA,20220818
ALINMAU2022,ALINMA U2022-NQF,F:ALINMA\U22,ALINMA,20220915
ALINMAV2022,ALINMA V2022-NQF,F:ALINMA\V22,ALINMA,20221020
ALINMAX2022,ALINMA X2022-NQF,F:ALINMA\X22,ALINMA,20221117
ALINMAZ2022,ALINMA Z2022-NQF,F:ALINMA\Z22,ALINMA,20221215
ALINMAF2023,ALINMA F2023-NQF,F:ALINMA\F23,ALINMA,20230119
ALINMAG2023,ALINMA G2023-NQF,F:ALINMA\G23,ALINMA,20230216
ALINMAH2023,ALINMA H2023-NQF,F:ALINMA\H23,ALINMA,20230316
ALINMAJ2023,ALINMA J2023-NQF,F:ALINMA\J23,ALINMA,20230420
ALINMAK2023,ALINMA K2023-NQF,F:ALINMA\K23,ALINMA,20230518
ALINMAM2023,ALINMA M2023-NQF,F:ALINMA\M23,ALINMA,20230615
ALINMAN2023,ALINMA N2023-NQF,F:ALINMA\N23,ALINMA,20230720
ALINMAQ2023,ALINMA Q2023-NQF,F:ALINMA\Q23,ALINMA,20230817
ALINMAU2023,ALINMA U2023-NQF,F:ALINMA\U23,ALINMA,20230921
ALINMAV2023,ALINMA V2023-NQF,F:ALINMA\V23,ALINMA,20231019
DFMGIH2019,DFMGI H2019-NQF,F:DFMGI\H19,DFMGI,20190322
DFMGIM2019,DFMGI M2019-NQF,F:DFMGI\M19,DFMGI,20190620
DFMGIU2019,DFMGI U2019-NQF,F:DFMGI\U19,DFMGI,20190919
DFMGIH2020,DFMGI H2020-NQF,F:DFMGI\H20,DFMGI,20200319
DFMGIM2020,DFMGI M2020-NQF,F:DFMGI\M20,DFMGI,20200618
DFMGIU2020,DFMGI U2020-NQF,F:DFMGI\U20,DFMGI,20200917
DFMGIZ2020,DFMGI Z2020-NQF,F:DFMGI\Z20,DFMGI,20201217
DFMGIH2021,DFMGI H2021-NQF,F:DFMGI\H21,DFMGI,20210318
DFMGIM2021,DFMGI M2021-NQF,F:DFMGI\M21,DFMGI,20210617
DFMGIU2021,DFMGI U2021-NQF,F:DFMGI\U21,DFMGI,20210916
DFMGIZ2021,DFMGI Z2021-NQF,F:DFMGI\Z21,DFMGI,20211216
DFMGIH2022,DFMGI H2022-NQF,F:DFMGI\H22,DFMGI,20220317
DFMGIM2022,DFMGI M2022-NQF,F:DFMGI\M22,DFMGI,20220616
DFMGIU2022,DFMGI U2022-NQF,F:DFMGI\U22,DFMGI,20220915
DFMGIZ2022,DFMGI Z2022-NQF,F:DFMGI\Z22,DFMGI,20221215
DFMGIH2023,DFMGI H2023-NQF,F:DFMGI\H23,DFMGI,20230316
DFMGIM2023,DFMGI M2023-NQF,F:DFMGI\M23,DFMGI,20230615
DFMGIU2023,DFMGI U2023-NQF,F:DFMGI\U23,DFMGI,20230921
EANDN2023,EAND N2023-NQF,F:EAND\N23,EAND,20230720
EANDQ2023,EAND Q2023-NQF,F:EAND\Q23,EAND,20230817
EANDU2023,EAND U2023-NQF,F:EAND\U23,EAND,20230921
EANDV2023,EAND V2023-NQF,F:EAND\V23,EAND,20231019
EECJ2019,EEC J2019-NQF,F:EEC\J19,EEC,20190418
EECK2019,EEC K2019-NQF,F:EEC\K19,EEC,20190523
EECM2019,EEC M2019-NQF,F:EEC\M19,EEC,20190620
EECN2019,EEC N2019-NQF,F:EEC\N19,EEC,20190718
EECQ2019,EEC Q2019-NQF,F:EEC\Q19,EEC,20190815
EECU2019,EEC U2019-NQF,F:EEC\U19,EEC,20190919
EECV2019,EEC V2019-NQF,F:EEC\V19,EEC,20191017
EECX2019,EEC X2019-NQF,F:EEC\X19,EEC,20191121
EECZ2019,EEC Z2019-NQF,F:EEC\Z19,EEC,20191219
EECF2020,EEC F2020-NQF,F:EEC\F20,EEC,20200116
EECG2020,EEC G2020-NQF,F:EEC\G20,EEC,20200220
EECH2020,EEC H2020-NQF,F:EEC\H20,EEC,20200319
EECJ2020,EEC J2020-NQF,F:EEC\J20,EEC,20200416
EECK2020,EEC K2020-NQF,F:EEC\K20,EEC,20200521
EECM2020,EEC M2020-NQF,F:EEC\M20,EEC,20200618
EECN2020,EEC N2020-NQF,F:EEC\N20,EEC,20200716
EECQ2020,EEC Q2020-NQF,F:EEC\Q20,EEC,20200820
EECU2020,EEC U2020-NQF,F:EEC\U20,EEC,20200917
EECV2020,EEC V2020-NQF,F:EEC\V20,EEC,20201015
EECX2020,EEC X2020-NQF,F:EEC\X20,EEC,20201119
EECZ2020,EEC Z2020-NQF,F:EEC\Z20,EEC,20201217
EECF2021,EEC F2021-NQF,F:EEC\F21,EEC,20210121
EECG2021,EEC G2021-NQF,F:EEC\G21,EEC,20210218
EECH2021,EEC H2021-NQF,F:EEC\H21,EEC,20210318
EECJ2021,EEC J2021-NQF,F:EEC\J21,EEC,20210415
EECK2021,EEC K2021-NQF,F:EEC\K21,EEC,20210520
EECM2021,EEC M2021-NQF,F:EEC\M21,EEC,20210617
EECN2021,EEC N2021-NQF,F:EEC\N21,EEC,20210715
EECQ2021,EEC Q2021-NQF,F:EEC\Q21,EEC,20210819
EECU2021,EEC U2021-NQF,F:EEC\U21,EEC,20210916
EECV2021,EEC V2021-NQF,F:EEC\V21,EEC,20211021
EECX2021,EEC X2021-NQF,F:EEC\X21,EEC,20211118
EECZ2021,EEC Z2021-NQF,F:EEC\Z21,EEC,20211216
EECF2022,EEC F2022-NQF,F:EEC\F22,EEC,20220120
EECG2022,EEC G2022-NQF,F:EEC\G22,EEC,20220217
EECH2022,EEC H2022-NQF,F:EEC\H22,EEC,20220317
EECJ2022,EEC J2022-NQF,F:EEC\J22,EEC,20220421
EECK2022,EEC K2022-NQF,F:EEC\K22,EEC,20220519
EECM2022,EEC M2022-NQF,F:EEC\M22,EEC,20220616
EECN2022,EEC N2022-NQF,F:EEC\N22,EEC,20220721
EECQ2022,EEC Q2022-NQF,F:EEC\Q22,EEC,20220818
EECU2022,EEC U2022-NQF,F:EEC\U22,EEC,20220915
EECV2022,EEC V2022-NQF,F:EEC\V22,EEC,20221020
EECX2022,EEC X2022-NQF,F:EEC\X22,EEC,20221117
EECZ2022,EEC Z2022-NQF,F:EEC\Z22,EEC,20221215
EECF2023,EEC F2023-NQF,F:EEC\F23,EEC,20230119
EECG2023,EEC G2023-NQF,F:EEC\G23,EEC,20230216
EECH2023,EEC H2023-NQF,F:EEC\H23,EEC,20230316
EECJ2023,EEC J2023-NQF,F:EEC\J23,EEC,20230420
EECK2023,EEC K2023-NQF,F:EEC\K23,EEC,20230518
EECM2023,EEC M2023-NQF,F:EEC\M23,EEC,20230615
EECN2023,EEC N2023-NQF,F:EEC\N23,EEC,20230720
EECQ2023,EEC Q2023-NQF,F:EEC\Q23,EEC,20230817
EECU2023,EEC U2023-NQF,F:EEC\U23,EEC,20230921
EECV2023,EEC V2023-NQF,F:EEC\V23,EEC,20231019
FABH2019,FAB H2019-NQF,F:FAB\H19,FAB,20190322
FABJ2019,FAB J2019-NQF,F:FAB\J19,FAB,20190418
FABK2019,FAB K2019-NQF,F:FAB\K19,FAB,20190523
FABM2019,FAB M2019-NQF,F:FAB\M19,FAB,20190620
FABN2019,FAB N2019-NQF,F:FAB\N19,FAB,20190718
FABQ2019,FAB Q2019-NQF,F:FAB\Q19,FAB,20190815
FABU2019,FAB U2019-NQF,F:FAB\U19,FAB,20190919
FABV2019,FAB V2019-NQF,F:FAB\V19,FAB,20191017
FABX2019,FAB X2019-NQF,F:FAB\X19,FAB,20191121
FABZ2019,FAB Z2019-NQF,F:FAB\Z19,FAB,20191219
FABF2020,FAB F2020-NQF,F:FAB\F20,FAB,20200116
FABG2020,FAB G2020-NQF,F:FAB\G20,FAB,20200220
FABH2020,FAB H2020-NQF,F:FAB\H20,FAB,20200319
FABJ2020,FAB J2020-NQF,F:FAB\J20,FAB,20200416
FABK2020,FAB K2020-NQF,F:FAB\K20,FAB,20200521
FABM2020,FAB M2020-NQF,F:FAB\M20,FAB,20200618
FABN2020,FAB N2020-NQF,F:FAB\N20,FAB,20200716
FABQ2020,FAB Q2020-NQF,F:FAB\Q20,FAB,20200820
FABU2020,FAB U2020-NQF,F:FAB\U20,FAB,20200917
FABV2020,FAB V2020-NQF,F:FAB\V20,FAB,20201015
FABX2020,FAB X2020-NQF,F:FAB\X20,FAB,20201119
FABZ2020,FAB Z2020-NQF,F:FAB\Z20,FAB,20201217
FABF2021,FAB F2021-NQF,F:FAB\F21,FAB,20210121
FABG2021,FAB G2021-NQF,F:FAB\G21,FAB,20210218
FABH2021,FAB H2021-NQF,F:FAB\H21,FAB,20210318
FABJ2021,FAB J2021-NQF,F:FAB\J21,FAB,20210415
FABK2021,FAB K2021-NQF,F:FAB\K21,FAB,20210520
FABM2021,FAB M2021-NQF,F:FAB\M21,FAB,20210617
FABN2021,FAB N2021-NQF,F:FAB\N21,FAB,20210715
FABQ2021,FAB Q2021-NQF,F:FAB\Q21,FAB,20210819
FABU2021,FAB U2021-NQF,F:FAB\U21,FAB,20210916
FABV2021,FAB V2021-NQF,F:FAB\V21,FAB,20211021
FABX2021,FAB X2021-NQF,F:FAB\X21,FAB,20211118
FABZ2021,FAB Z2021-NQF,F:FAB\Z21,FAB,20211216
FABF2022,FAB F2022-NQF,F:FAB\F22,FAB,20220120
FABG2022,FAB G2022-NQF,F:FAB\G22,FAB,20220217
FABH2022,FAB H2022-NQF,F:FAB\H22,FAB,20220317
FABJ2022,FAB J2022-NQF,F:FAB\J22,FAB,20220421
FABK2022,FAB K2022-NQF,F:FAB\K22,FAB,20220519
FABM2022,FAB M2022-NQF,F:FAB\M22,FAB,20220616
FABN2022,FAB N2022-NQF,F:FAB\N22,FAB,20220721
FABQ2022,FAB Q2022-NQF,F:FAB\Q22,FAB,20220818
FABU2022,FAB U2022-NQF,F:FAB\U22,FAB,20220915
FABV2022,FAB V2022-NQF,F:FAB\V22,FAB,20221020
FABX2022,FAB X2022-NQF,F:FAB\X22,FAB,20221117
FABZ2022,FAB Z2022-NQF,F:FAB\Z22,FAB,20221215
FABF2023,FAB F2023-NQF,F:FAB\F23,FAB,20230119
FABG2023,FAB G2023-NQF,F:FAB\G23,FAB,20230216
FABH2023,FAB H2023-NQF,F:FAB\H23,FAB,20230316
FABJ2023,FAB J2023-NQF,F:FAB\J23,FAB,20230420
FABK2023,FAB K2023-NQF,F:FAB\K23,FAB,20230518
FABM2023,FAB M2023-NQF,F:FAB\M23,FAB,20230615
FABN2023,FAB N2023-NQF,F:FAB\N23,FAB,20230720
FABQ2023,FAB Q2023-NQF,F:FAB\Q23,FAB,20230817
FABU2023,FAB U2023-NQF,F:FAB\U23,FAB,20230921
FABV2023,FAB V2023-NQF,F:FAB\V23,FAB,20231019
FTSESAM2019,FTSESA M2019-NQF,F:FTSESA\M19,FTSESA,20190620
FTSESAU2019,FTSESA U2019-NQF,F:FTSESA\U19,FTSESA,20190919
FTSESAZ2019,FTSESA Z2019-NQF,F:FTSESA\Z19,FTSESA,20191219
FTSESAH2020,FTSESA H2020-NQF,F:FTSESA\H20,FTSESA,20200319
FTSESAM2020,FTSESA M2020-NQF,F:FTSESA\M20,FTSESA,20200618
FTSESAU2020,FTSESA U2020-NQF,F:FTSESA\U20,FTSESA,20200917
FTSESAZ2020,FTSESA Z2020-NQF,F:FTSESA\Z20,FTSESA,20201217
FTSESAH2021,FTSESA H2021-NQF,F:FTSESA\H21,FTSESA,20210318
FTSESAM2021,FTSESA M2021-NQF,F:FTSESA\M21,FTSESA,20210617
FTSESAU2021,FTSESA U2021-NQF,F:FTSESA\U21,FTSESA,20210916
FTSESAZ2021,FTSESA Z2021-NQF,F:FTSESA\Z21,FTSESA,20211216
FTSESAH2022,FTSESA H2022-NQF,F:FTSESA\H22,FTSESA,20220317
FTSESAM2022,FTSESA M2022-NQF,F:FTSESA\M22,FTSESA,20220616
FTSESAU2022,FTSESA U2022-NQF,F:FTSESA\U22,FTSESA,20220915
FTSESAZ2022,FTSESA Z2022-NQF,F:FTSESA\Z22,FTSESA,20221215
FTSESAH2023,FTSESA H2023-NQF,F:FTSESA\H23,FTSESA,20230316
FTSESAM2023,FTSESA M2023-NQF,F:FTSESA\M23,FTSESA,20230316
FTSESAU2023,FTSESA U2023-NQF,F:FTSESA\U23,FTSESA,20230921
FTSESAZ2023,FTSESA Z2023-NQF,F:FTSESA\Z23,FTSESA,20231221
KAYANJ2019,KAYAN J2019-NQF,F:KAYAN\J19,KAYAN,20190418
KAYANK2019,KAYAN K2019-NQF,F:KAYAN\K19,KAYAN,20190523
KAYANM2019,KAYAN M2019-NQF,F:KAYAN\M19,KAYAN,20190620
KAYANN2019,KAYAN N2019-NQF,F:KAYAN\N19,KAYAN,20190718
KAYANQ2019,KAYAN Q2019-NQF,F:KAYAN\Q19,KAYAN,20190815
KAYANU2019,KAYAN U2019-NQF,F:KAYAN\U19,KAYAN,20190919
KAYANV2019,KAYAN V2019-NQF,F:KAYAN\V19,KAYAN,20191017
KAYANX2019,KAYAN X2019-NQF,F:KAYAN\X19,KAYAN,20191121
KAYANZ2019,KAYAN Z2019-NQF,F:KAYAN\Z19,KAYAN,20191219
KAYANF2020,KAYAN F2020-NQF,F:KAYAN\F20,KAYAN,20200116
KAYANG2020,KAYAN G2020-NQF,F:KAYAN\G20,KAYAN,20200220
KAYANH2020,KAYAN H2020-NQF,F:KAYAN\H20,KAYAN,20200319
KAYANJ2020,KAYAN J2020-NQF,F:KAYAN\J20,KAYAN,20200416
KAYANK2020,KAYAN K2020-NQF,F:KAYAN\K20,KAYAN,20200521
KAYANM2020,KAYAN M2020-NQF,F:KAYAN\M20,KAYAN,20200618
KAYANN2020,KAYAN N2020-NQF,F:KAYAN\N20,KAYAN,20200716
KAYANQ2020,KAYAN Q2020-NQF,F:KAYAN\Q20,KAYAN,20200820
KAYANU2020,KAYAN U2020-NQF,F:KAYAN\U20,KAYAN,20200917
KAYANV2020,KAYAN V2020-NQF,F:KAYAN\V20,KAYAN,20201015
KAYANX2020,KAYAN X2020-NQF,F:KAYAN\X20,KAYAN,20201119
KAYANZ2020,KAYAN Z2020-NQF,F:KAYAN\Z20,KAYAN,20201217
KAYANF2021,KAYAN F2021-NQF,F:KAYAN\F21,KAYAN,20210121
KAYANG2021,KAYAN G2021-NQF,F:KAYAN\G21,KAYAN,20210218
KAYANH2021,KAYAN H2021-NQF,F:KAYAN\H21,KAYAN,20210318
KAYANJ2021,KAYAN J2021-NQF,F:KAYAN\J21,KAYAN,20210415
KAYANK2021,KAYAN K2021-NQF,F:KAYAN\K21,KAYAN,20210520
KAYANM2021,KAYAN M2021-NQF,F:KAYAN\M21,KAYAN,20210617
KAYANN2021,KAYAN N2021-NQF,F:KAYAN\N21,KAYAN,20210715
KAYANQ2021,KAYAN Q2021-NQF,F:KAYAN\Q21,KAYAN,20210819
KAYANU2021,KAYAN U2021-NQF,F:KAYAN\U21,KAYAN,20210916
KAYANV2021,KAYAN V2021-NQF,F:KAYAN\V21,KAYAN,20211021
KAYANX2021,KAYAN X2021-NQF,F:KAYAN\X21,KAYAN,20211118
KAYANZ2021,KAYAN Z2021-NQF,F:KAYAN\Z21,KAYAN,20211216
KAYANF2022,KAYAN F2022-NQF,F:KAYAN\F22,KAYAN,20220120
KAYANG2022,KAYAN G2022-NQF,F:KAYAN\G22,KAYAN,20220217
KAYANH2022,KAYAN H2022-NQF,F:KAYAN\H22,KAYAN,20220317
KAYANJ2022,KAYAN J2022-NQF,F:KAYAN\J22,KAYAN,20220421
KAYANK2022,KAYAN K2022-NQF,F:KAYAN\K22,KAYAN,20220519
KAYANM2022,KAYAN M2022-NQF,F:KAYAN\M22,KAYAN,20220616
KAYANN2022,KAYAN N2022-NQF,F:KAYAN\N22,KAYAN,20220721
KAYANQ2022,KAYAN Q2022-NQF,F:KAYAN\Q22,KAYAN,20220818
KAYANU2022,KAYAN U2022-NQF,F:KAYAN\U22,KAYAN,20220915
KAYANV2022,KAYAN V2022-NQF,F:KAYAN\V22,KAYAN,20221020
KAYANX2022,KAYAN X2022-NQF,F:KAYAN\X22,KAYAN,20221117
KAYANZ2022,KAYAN Z2022-NQF,F:KAYAN\Z22,KAYAN,20221215
KAYANF2023,KAYAN F2023-NQF,F:KAYAN\F23,KAYAN,20230119
KAYANG2023,KAYAN G2023-NQF,F:KAYAN\G23,KAYAN,20230216
KAYANH2023,KAYAN H2023-NQF,F:KAYAN\H23,KAYAN,20230316
KAYANJ2023,KAYAN J2023-NQF,F:KAYAN\J23,KAYAN,20230420
KAYANK2023,KAYAN K2023-NQF,F:KAYAN\K23,KAYAN,20230518
KAYANM2023,KAYAN M2023-NQF,F:KAYAN\M23,KAYAN,20230615
KAYANV2023,KAYAN V2023-NQF,F:KAYAN\V23,KAYAN,20230719
KAYANN2023,KAYAN N2023-NQF,F:KAYAN\N23,KAYAN,20230720
KAYANQ2023,KAYAN Q2023-NQF,F:KAYAN\Q23,KAYAN,20230817
KAYANU2023,KAYAN U2023-NQF,F:KAYAN\U23,KAYAN,20230921
MAADENJ2019,MAADEN J2019-NQF,F:MAADEN\J19,MAADEN,20190418
MAADENK2019,MAADEN K2019-NQF,F:MAADEN\K19,MAADEN,20190523
MAADENM2019,MAADEN M2019-NQF,F:MAADEN\M19,MAADEN,20190620
MAADENN2019,MAADEN N2019-NQF,F:MAADEN\N19,MAADEN,20190718
MAADENQ2019,MAADEN Q2019-NQF,F:MAADEN\Q19,MAADEN,20190815
MAADENU2019,MAADEN U2019-NQF,F:MAADEN\U19,MAADEN,20190919
MAADENV2019,MAADEN V2019-NQF,F:MAADEN\V19,MAADEN,20191017
MAADENX2019,MAADEN X2019-NQF,F:MAADEN\X19,MAADEN,20191121
MAADENZ2019,MAADEN Z2019-NQF,F:MAADEN\Z19,MAADEN,20191219
MAADENF2020,MAADEN F2020-NQF,F:MAADEN\F20,MAADEN,20200116
MAADENG2020,MAADEN G2020-NQF,F:MAADEN\G20,MAADEN,20200220
MAADENH2020,MAADEN H2020-NQF,F:MAADEN\H20,MAADEN,20200319
MAADENJ2020,MAADEN J2020-NQF,F:MAADEN\J20,MAADEN,20200416
MAADENK2020,MAADEN K2020-NQF,F:MAADEN\K20,MAADEN,20200521
MAADENM2020,MAADEN M2020-NQF,F:MAADEN\M20,MAADEN,20200618
MAADENN2020,MAADEN N2020-NQF,F:MAADEN\N20,MAADEN,20200716
MAADENQ2020,MAADEN Q2020-NQF,F:MAADEN\Q20,MAADEN,20200820
MAADENU2020,MAADEN U2020-NQF,F:MAADEN\U20,MAADEN,20200917
MAADENV2020,MAADEN V2020-NQF,F:MAADEN\V20,MAADEN,20201015
MAADENX2020,MAADEN X2020-NQF,F:MAADEN\X20,MAADEN,20201119
MAADENZ2020,MAADEN Z2020-NQF,F:MAADEN\Z20,MAADEN,20201217
MAADENF2021,MAADEN F2021-NQF,F:MAADEN\F21,MAADEN,20210121
MAADENG2021,MAADEN G2021-NQF,F:MAADEN\G21,MAADEN,20210218
MAADENH2021,MAADEN H2021-NQF,F:MAADEN\H21,MAADEN,20210318
MAADENJ2021,MAADEN J2021-NQF,F:MAADEN\J21,MAADEN,20210415
MAADENK2021,MAADEN K2021-NQF,F:MAADEN\K21,MAADEN,20210520
MAADENM2021,MAADEN M2021-NQF,F:MAADEN\M21,MAADEN,20210617
MAADENN2021,MAADEN N2021-NQF,F:MAADEN\N21,MAADEN,20210715
MAADENQ2021,MAADEN Q2021-NQF,F:MAADEN\Q21,MAADEN,20210819
MAADENU2021,MAADEN U2021-NQF,F:MAADEN\U21,MAADEN,20210916
MAADENV2021,MAADEN V2021-NQF,F:MAADEN\V21,MAADEN,20211021
MAADENX2021,MAADEN X2021-NQF,F:MAADEN\X21,MAADEN,20211118
MAADENZ2021,MAADEN Z2021-NQF,F:MAADEN\Z21,MAADEN,20211216
MAADENF2022,MAADEN F2022-NQF,F:MAADEN\F22,MAADEN,20220120
MAADENG2022,MAADEN G2022-NQF,F:MAADEN\G22,MAADEN,20220217
MAADENH2022,MAADEN H2022-NQF,F:MAADEN\H22,MAADEN,20220317
MAADENJ2022,MAADEN J2022-NQF,F:MAADEN\J22,MAADEN,20220421
MAADENK2022,MAADEN K2022-NQF,F:MAADEN\K22,MAADEN,20220519
MAADENM2022,MAADEN M2022-NQF,F:MAADEN\M22,MAADEN,20220616
MAADENN2022,MAADEN N2022-NQF,F:MAADEN\N22,MAADEN,20220721
MAADENQ2022,MAADEN Q2022-NQF,F:MAADEN\Q22,MAADEN,20220818
MAADENU2022,MAADEN U2022-NQF,F:MAADEN\U22,MAADEN,20220915
MAADENV2022,MAADEN V2022-NQF,F:MAADEN\V22,MAADEN,20221020
MAADENX2022,MAADEN X2022-NQF,F:MAADEN\X22,MAADEN,20221117
MAADENZ2022,MAADEN Z2022-NQF,F:MAADEN\Z22,MAADEN,20221215
MAADENF2023,MAADEN F2023-NQF,F:MAADEN\F23,MAADEN,20230119
MAADENG2023,MAADEN G2023-NQF,F:MAADEN\G23,MAADEN,20230216
MAADENH2023,MAADEN H2023-NQF,F:MAADEN\H23,MAADEN,20230316
MAADENJ2023,MAADEN J2023-NQF,F:MAADEN\J23,MAADEN,20230420
MAADENK2023,MAADEN K2023-NQF,F:MAADEN\K23,MAADEN,20230518
MAADENM2023,MAADEN M2023-NQF,F:MAADEN\M23,MAADEN,20230615
MAADENN2023,MAADEN N2023-NQF,F:MAADEN\N23,MAADEN,20230720
MAADENQ2023,MAADEN Q2023-NQF,F:MAADEN\Q23,MAADEN,20230817
MAADENU2023,MAADEN U2023-NQF,F:MAADEN\U23,MAADEN,20230921
MAADENV2023,MAADEN V2023-NQF,F:MAADEN\V23,MAADEN,20231019
MAADEN_XN2023,MAADEN_X N2023-NQD,F:MAADEN-X\N23,MAADEN_X,20230720
MAADEN_XQ2023,MAADEN_X Q2023-NQD,F:MAADEN-X\Q23,MAADEN_X,20230817
MARAIJ2019,MARAI J2019-NQF,F:MARAI\J19,MARAI,20190418
MARAIK2019,MARAI K2019-NQF,F:MARAI\K19,MARAI,20190523
MARAIM2019,MARAI M2019-NQF,F:MARAI\M19,MARAI,20190620
MARAIQ2019,MARAI Q2019-NQF,F:MARAI\Q19,MARAI,20190815
MARAIU2019,MARAI U2019-NQF,F:MARAI\U19,MARAI,20190919
MARAIV2019,MARAI V2019-NQF,F:MARAI\V19,MARAI,20191017
MARAIX2019,MARAI X2019-NQF,F:MARAI\X19,MARAI,20191121
MARAIZ2019,MARAI Z2019-NQF,F:MARAI\Z19,MARAI,20191219
MARAIF2020,MARAI F2020-NQF,F:MARAI\F20,MARAI,20200116
MARAIG2020,MARAI G2020-NQF,F:MARAI\G20,MARAI,20200220
MARAIH2020,MARAI H2020-NQF,F:MARAI\H20,MARAI,20200319
MARAIJ2020,MARAI J2020-NQF,F:MARAI\J20,MARAI,20200416
MARAIK2020,MARAI K2020-NQF,F:MARAI\K20,MARAI,20200521
MARAIM2020,MARAI M2020-NQF,F:MARAI\M20,MARAI,20200618
MARAIN2020,MARAI N2020-NQF,F:MARAI\N20,MARAI,20200716
MARAIQ2020,MARAI Q2020-NQF,F:MARAI\Q20,MARAI,20200820
MARAIU2020,MARAI U2020-NQF,F:MARAI\U20,MARAI,20200917
MARAIV2020,MARAI V2020-NQF,F:MARAI\V20,MARAI,20201015
MARAIX2020,MARAI X2020-NQF,F:MARAI\X20,MARAI,20201119
MARAIZ2020,MARAI Z2020-NQF,F:MARAI\Z20,MARAI,20201217
MARAIF2021,MARAI F2021-NQF,F:MARAI\F21,MARAI,20210121
MARAIG2021,MARAI G2021-NQF,F:MARAI\G21,MARAI,20210218
MARAIH2021,MARAI H2021-NQF,F:MARAI\H21,MARAI,20210318
MARAIJ2021,MARAI J2021-NQF,F:MARAI\J21,MARAI,20210415
MARAIK2021,MARAI K2021-NQF,F:MARAI\K21,MARAI,20210520
MARAIM2021,MARAI M2021-NQF,F:MARAI\M21,MARAI,20210617
MARAIN2021,MARAI N2021-NQF,F:MARAI\N21,MARAI,20210715
MARAIQ2021,MARAI Q2021-NQF,F:MARAI\Q21,MARAI,20210819
MARAIU2021,MARAI U2021-NQF,F:MARAI\U21,MARAI,20210916
MARAIV2021,MARAI V2021-NQF,F:MARAI\V21,MARAI,20211021
MARAIX2021,MARAI X2021-NQF,F:MARAI\X21,MARAI,20211118
MARAIZ2021,MARAI Z2021-NQF,F:MARAI\Z21,MARAI,20211216
MARAIF2022,MARAI F2022-NQF,F:MARAI\F22,MARAI,20220120
MARAIG2022,MARAI G2022-NQF,F:MARAI\G22,MARAI,20220217
MARAIH2022,MARAI H2022-NQF,F:MARAI\H22,MARAI,20220317
MARAIJ2022,MARAI J2022-NQF,F:MARAI\J22,MARAI,20220421
MARAIK2022,MARAI K2022-NQF,F:MARAI\K22,MARAI,20220519
MARAIM2022,MARAI M2022-NQF,F:MARAI\M22,MARAI,20220616
MARAIN2022,MARAI N2022-NQF,F:MARAI\N22,MARAI,20220721
MARAIQ2022,MARAI Q2022-NQF,F:MARAI\Q22,MARAI,20220818
MARAIU2022,MARAI U2022-NQF,F:MARAI\U22,MARAI,20220915
MARAIV2022,MARAI V2022-NQF,F:MARAI\V22,MARAI,20221020
MARAIX2022,MARAI X2022-NQF,F:MARAI\X22,MARAI,20221117
MARAIZ2022,MARAI Z2022-NQF,F:MARAI\Z22,MARAI,20221215
MARAIF2023,MARAI F2023-NQF,F:MARAI\F23,MARAI,20230119
MARAIG2023,MARAI G2023-NQF,F:MARAI\G23,MARAI,20230216
MARAIH2023,MARAI H2023-NQF,F:MARAI\H23,MARAI,20230316
MARAIJ2023,MARAI J2023-NQF,F:MARAI\J23,MARAI,20230420
MARAIK2023,MARAI K2023-NQF,F:MARAI\K23,MARAI,20230518
MARAIM2023,MARAI M2023-NQF,F:MARAI\M23,MARAI,20230615
MARAIN2023,MARAI N2023-NQF,F:MARAI\N23,MARAI,20230720
MARAIQ2023,MARAI Q2023-NQF,F:MARAI\Q23,MARAI,20230817
MARAIU2023,MARAI U2023-NQF,F:MARAI\U23,MARAI,20230921
MARAIV2023,MARAI V2023-NQF,F:MARAI\V23,MARAI,20231019
MSCIAEH2019,MSCIAE H2019-NQF,F:MSCIAE\H19,MSCIAE,20190322
MSCIAEM2019,MSCIAE M2019-NQF,F:MSCIAE\M19,MSCIAE,20190620
MSCIAEU2019,MSCIAE U2019-NQF,F:MSCIAE\U19,MSCIAE,20190919
MSCIAEH2020,MSCIAE H2020-NQF,F:MSCIAE\H20,MSCIAE,20200319
MSCIAEM2020,MSCIAE M2020-NQF,F:MSCIAE\M20,MSCIAE,20200618
MSCIAEU2020,MSCIAE U2020-NQF,F:MSCIAE\U20,MSCIAE,20200917
MSCIAEZ2020,MSCIAE Z2020-NQF,F:MSCIAE\Z20,MSCIAE,20201217
MSCIAEH2021,MSCIAE H2021-NQF,F:MSCIAE\H21,MSCIAE,20210318
MSCIAEM2021,MSCIAE M2021-NQF,F:MSCIAE\M21,MSCIAE,20210617
MSCIAEU2021,MSCIAE U2021-NQF,F:MSCIAE\U21,MSCIAE,20210916
MSCIAEZ2021,MSCIAE Z2021-NQF,F:MSCIAE\Z21,MSCIAE,20211216
MSCIAEH2022,MSCIAE H2022-NQF,F:MSCIAE\H22,MSCIAE,20220317
MSCIAEM2022,MSCIAE M2022-NQF,F:MSCIAE\M22,MSCIAE,20220616
MSCIAEU2022,MSCIAE U2022-NQF,F:MSCIAE\U22,MSCIAE,20220915
MSCIAEZ2022,MSCIAE Z2022-NQF,F:MSCIAE\Z22,MSCIAE,20221215
MSCIAEH2023,MSCIAE H2023-NQF,F:MSCIAE\H23,MSCIAE,20230316
MSCIAEM2023,MSCIAE M2023-NQF,F:MSCIAE\M23,MSCIAE,20230615
MSCIAEU2023,MSCIAE U2023-NQF,F:MSCIAE\U23,MSCIAE,20230921
MSCIAEZ2023,MSCIAE Z2023-NQF,F:MSCIAE\Z23,MSCIAE,20231221
PETRORJ2019,PETROR J2019-NQF,F:PETROR\J19,PETROR,20190418
PETRORK2019,PETROR K2019-NQF,F:PETROR\K19,PETROR,20190523
PETRORM2019,PETROR M2019-NQF,F:PETROR\M19,PETROR,20190620
PETRORN2019,PETROR N2019-NQF,F:PETROR\N19,PETROR,20190718
PETRORQ2019,PETROR Q2019-NQF,F:PETROR\Q19,PETROR,20190815
PETRORU2019,PETROR U2019-NQF,F:PETROR\U19,PETROR,20190919
PETRORV2019,PETROR V2019-NQF,F:PETROR\V19,PETROR,20191017
PETRORX2019,PETROR X2019-NQF,F:PETROR\X19,PETROR,20191121
PETRORZ2019,PETROR Z2019-NQF,F:PETROR\Z19,PETROR,20191219
PETRORF2020,PETROR F2020-NQF,F:PETROR\F20,PETROR,20200116
PETRORG2020,PETROR G2020-NQF,F:PETROR\G20,PETROR,20200220
PETRORH2020,PETROR H2020-NQF,F:PETROR\H20,PETROR,20200319
PETRORJ2020,PETROR J2020-NQF,F:PETROR\J20,PETROR,20200416
PETRORK2020,PETROR K2020-NQF,F:PETROR\K20,PETROR,20200521
PETRORM2020,PETROR M2020-NQF,F:PETROR\M20,PETROR,20200618
PETRORN2020,PETROR N2020-NQF,F:PETROR\N20,PETROR,20200716
PETRORQ2020,PETROR Q2020-NQF,F:PETROR\Q20,PETROR,20200820
PETRORU2020,PETROR U2020-NQF,F:PETROR\U20,PETROR,20200917
PETRORV2020,PETROR V2020-NQF,F:PETROR\V20,PETROR,20201015
PETRORX2020,PETROR X2020-NQF,F:PETROR\X20,PETROR,20201119
PETRORZ2020,PETROR Z2020-NQF,F:PETROR\Z20,PETROR,20201217
PETRORF2021,PETROR F2021-NQF,F:PETROR\F21,PETROR,20210121
PETRORG2021,PETROR G2021-NQF,F:PETROR\G21,PETROR,20210218
PETRORH2021,PETROR H2021-NQF,F:PETROR\H21,PETROR,20210318
PETRORJ2021,PETROR J2021-NQF,F:PETROR\J21,PETROR,20210415
PETRORK2021,PETROR K2021-NQF,F:PETROR\K21,PETROR,20210520
PETRORM2021,PETROR M2021-NQF,F:PETROR\M21,PETROR,20210617
PETRORN2021,PETROR N2021-NQF,F:PETROR\N21,PETROR,20210715
PETRORQ2021,PETROR Q2021-NQF,F:PETROR\Q21,PETROR,20210819
PETRORU2021,PETROR U2021-NQF,F:PETROR\U21,PETROR,20210916
PETRORV2021,PETROR V2021-NQF,F:PETROR\V21,PETROR,20211021
PETRORX2021,PETROR X2021-NQF,F:PETROR\X21,PETROR,20211118
PETRORZ2021,PETROR Z2021-NQF,F:PETROR\Z21,PETROR,20211216
PETRORF2022,PETROR F2022-NQF,F:PETROR\F22,PETROR,20220120
PETRORG2022,PETROR G2022-NQF,F:PETROR\G22,PETROR,20220217
PETRORH2022,PETROR H2022-NQF,F:PETROR\H22,PETROR,20220317
PETRORJ2022,PETROR J2022-NQF,F:PETROR\J22,PETROR,20220421
PETRORK2022,PETROR K2022-NQF,F:PETROR\K22,PETROR,20220519
PETRORM2022,PETROR M2022-NQF,F:PETROR\M22,PETROR,20220616
PETRORN2022,PETROR N2022-NQF,F:PETROR\N22,PETROR,20220721
PETRORQ2022,PETROR Q2022-NQF,F:PETROR\Q22,PETROR,20220818
PETRORU2022,PETROR U2022-NQF,F:PETROR\U22,PETROR,20220915
PETRORV2022,PETROR V2022-NQF,F:PETROR\V22,PETROR,20221020
PETRORX2022,PETROR X2022-NQF,F:PETROR\X22,PETROR,20221117
PETRORZ2022,PETROR Z2022-NQF,F:PETROR\Z22,PETROR,20221215
PETRORF2023,PETROR F2023-NQF,F:PETROR\F23,PETROR,20230119
PETRORG2023,PETROR G2023-NQF,F:PETROR\G23,PETROR,20230216
PETRORH2023,PETROR H2023-NQF,F:PETROR\H23,PETROR,20230316
PETRORJ2023,PETROR J2023-NQF,F:PETROR\J23,PETROR,20230420
PETRORK2023,PETROR K2023-NQF,F:PETROR\K23,PETROR,20230518
PETRORM2023,PETROR M2023-NQF,F:PETROR\M23,PETROR,20230615
PETRORN2023,PETROR N2023-NQF,F:PETROR\N23,PETROR,20230720
PETRORQ2023,PETROR Q2023-NQF,F:PETROR\Q23,PETROR,20230817
PETRORU2023,PETROR U2023-NQF,F:PETROR\U23,PETROR,20230921
PETRORV2023,PETROR V2023-NQF,F:PETROR\V23,PETROR,20231019
RJHIJ2019,RJHI J2019-NQF,F:RJHI\J19,RJHI,20190418
RJHIK2019,RJHI K2019-NQF,F:RJHI\K19,RJHI,20190523
RJHIM2019,RJHI M2019-NQF,F:RJHI\M19,RJHI,20190620
RJHIN2019,RJHI N2019-NQF,F:RJHI\N19,RJHI,20190718
RJHIQ2019,RJHI Q2019-NQF,F:RJHI\Q19,RJHI,20190815
RJHIU2019,RJHI U2019-NQF,F:RJHI\U19,RJHI,20190919
RJHIV2019,RJHI V2019-NQF,F:RJHI\V19,RJHI,20191017
RJHIX2019,RJHI X2019-NQF,F:RJHI\X19,RJHI,20191121
RJHIZ2019,RJHI Z2019-NQF,F:RJHI\Z19,RJHI,20191219
RJHIF2020,RJHI F2020-NQF,F:RJHI\F20,RJHI,20200116
RJHIG2020,RJHI G2020-NQF,F:RJHI\G20,RJHI,20200220
RJHIH2020,RJHI H2020-NQF,F:RJHI\H20,RJHI,20200319
RJHIJ2020,RJHI J2020-NQF,F:RJHI\J20,RJHI,20200416
RJHIK2020,RJHI K2020-NQF,F:RJHI\K20,RJHI,20200521
RJHIM2020,RJHI M2020-NQF,F:RJHI\M20,RJHI,20200618
RJHIN2020,RJHI N2020-NQF,F:RJHI\N20,RJHI,20200716
RJHIQ2020,RJHI Q2020-NQF,F:RJHI\Q20,RJHI,20200820
RJHIU2020,RJHI U2020-NQF,F:RJHI\U20,RJHI,20200917
RJHIV2020,RJHI V2020-NQF,F:RJHI\V20,RJHI,20201015
RJHIX2020,RJHI X2020-NQF,F:RJHI\X20,RJHI,20201119
RJHIZ2020,RJHI Z2020-NQF,F:RJHI\Z20,RJHI,20201217
RJHIF2021,RJHI F2021-NQF,F:RJHI\F21,RJHI,20210121
RJHIG2021,RJHI G2021-NQF,F:RJHI\G21,RJHI,20210218
RJHIH2021,RJHI H2021-NQF,F:RJHI\H21,RJHI,20210318
RJHIJ2021,RJHI J2021-NQF,F:RJHI\J21,RJHI,20210415
RJHIK2021,RJHI K2021-NQF,F:RJHI\K21,RJHI,20210520
RJHIM2021,RJHI M2021-NQF,F:RJHI\M21,RJHI,20210617
RJHIN2021,RJHI N2021-NQF,F:RJHI\N21,RJHI,20210715
RJHIQ2021,RJHI Q2021-NQF,F:RJHI\Q21,RJHI,20210819
RJHIU2021,RJHI U2021-NQF,F:RJHI\U21,RJHI,20210916
RJHIV2021,RJHI V2021-NQF,F:RJHI\V21,RJHI,20211021
RJHIX2021,RJHI X2021-NQF,F:RJHI\X21,RJHI,20211118
RJHIZ2021,RJHI Z2021-NQF,F:RJHI\Z21,RJHI,20211216
RJHIF2022,RJHI F2022-NQF,F:RJHI\F22,RJHI,20220120
RJHIG2022,RJHI G2022-NQF,F:RJHI\G22,RJHI,20220217
RJHIH2022,RJHI H2022-NQF,F:RJHI\H22,RJHI,20220317
RJHIJ2022,RJHI J2022-NQF,F:RJHI\J22,RJHI,20220421
RJHIK2022,RJHI K2022-NQF,F:RJHI\K22,RJHI,20220519
RJHIM2022,RJHI M2022-NQF,F:RJHI\M22,RJHI,20220616
RJHIN2022,RJHI N2022-NQF,F:RJHI\N22,RJHI,20220721
RJHIQ2022,RJHI Q2022-NQF,F:RJHI\Q22,RJHI,20220818
RJHIU2022,RJHI U2022-NQF,F:RJHI\U22,RJHI,20220915
RJHIV2022,RJHI V2022-NQF,F:RJHI\V22,RJHI,20221020
RJHIX2022,RJHI X2022-NQF,F:RJHI\X22,RJHI,20221117
RJHIZ2022,RJHI Z2022-NQF,F:RJHI\Z22,RJHI,20221215
RJHIF2023,RJHI F2023-NQF,F:RJHI\F23,RJHI,20230119
RJHIG2023,RJHI G2023-NQF,F:RJHI\G23,RJHI,20230216
RJHIH2023,RJHI H2023-NQF,F:RJHI\H23,RJHI,20230316
RJHIJ2023,RJHI J2023-NQF,F:RJHI\J23,RJHI,20230420
RJHIK2023,RJHI K2023-NQF,F:RJHI\K23,RJHI,20230518
RJHIM2023,RJHI M2023-NQF,F:RJHI\M23,RJHI,20230615
RJHIN2023,RJHI N2023-NQF,F:RJHI\N23,RJHI,20230720
RJHIQ2023,RJHI Q2023-NQF,F:RJHI\Q23,RJHI,20230817
RJHIU2023,RJHI U2023-NQF,F:RJHI\U23,RJHI,20230921
RJHIV2023,RJHI V2023-NQF,F:RJHI\V23,RJHI,20231019
SABICJ2019,SABIC J2019-NQF,F:SABIC\J19,SABIC,20190418
SABICK2019,SABIC K2019-NQF,F:SABIC\K19,SABIC,20190523
SABICM2019,SABIC M2019-NQF,F:SABIC\M19,SABIC,20190620
SABICN2019,SABIC N2019-NQF,F:SABIC\N19,SABIC,20190718
SABICQ2019,SABIC Q2019-NQF,F:SABIC\Q19,SABIC,20190815
SABICU2019,SABIC U2019-NQF,F:SABIC\U19,SABIC,20190919
SABICV2019,SABIC V2019-NQF,F:SABIC\V19,SABIC,20191017
SABICX2019,SABIC X2019-NQF,F:SABIC\X19,SABIC,20191121
SABICZ2019,SABIC Z2019-NQF,F:SABIC\Z19,SABIC,20191219
SABICF2020,SABIC F2020-NQF,F:SABIC\F20,SABIC,20200116
SABICG2020,SABIC G2020-NQF,F:SABIC\G20,SABIC,20200220
SABICH2020,SABIC H2020-NQF,F:SABIC\H20,SABIC,20200319
SABICJ2020,SABIC J2020-NQF,F:SABIC\J20,SABIC,20200416
SABICK2020,SABIC K2020-NQF,F:SABIC\K20,SABIC,20200521
SABICM2020,SABIC M2020-NQF,F:SABIC\M20,SABIC,20200618
SABICN2020,SABIC N2020-NQF,F:SABIC\N20,SABIC,20200716
SABICQ2020,SABIC Q2020-NQF,F:SABIC\Q20,SABIC,20200820
SABICU2020,SABIC U2020-NQF,F:SABIC\U20,SABIC,20200917
SABICV2020,SABIC V2020-NQF,F:SABIC\V20,SABIC,20201015
SABICX2020,SABIC X2020-NQF,F:SABIC\X20,SABIC,20201119
SABICZ2020,SABIC Z2020-NQF,F:SABIC\Z20,SABIC,20201217
SABICF2021,SABIC F2021-NQF,F:SABIC\F21,SABIC,20210121
SABICG2021,SABIC G2021-NQF,F:SABIC\G21,SABIC,20210218
SABICH2021,SABIC H2021-NQF,F:SABIC\H21,SABIC,20210318
SABICJ2021,SABIC J2021-NQF,F:SABIC\J21,SABIC,20210415
SABICK2021,SABIC K2021-NQF,F:SABIC\K21,SABIC,20210520
SABICM2021,SABIC M2021-NQF,F:SABIC\M21,SABIC,20210617
SABICN2021,SABIC N2021-NQF,F:SABIC\N21,SABIC,20210715
SABICQ2021,SABIC Q2021-NQF,F:SABIC\Q21,SABIC,20210819
SABICU2021,SABIC U2021-NQF,F:SABIC\U21,SABIC,20210916
SABICV2021,SABIC V2021-NQF,F:SABIC\V21,SABIC,20211021
SABICX2021,SABIC X2021-NQF,F:SABIC\X21,SABIC,20211118
SABICZ2021,SABIC Z2021-NQF,F:SABIC\Z21,SABIC,20211216
SABICF2022,SABIC F2022-NQF,F:SABIC\F22,SABIC,20220120
SABICG2022,SABIC G2022-NQF,F:SABIC\G22,SABIC,20220217
SABICH2022,SABIC H2022-NQF,F:SABIC\H22,SABIC,20220317
SABICJ2022,SABIC J2022-NQF,F:SABIC\J22,SABIC,20220421
SABICK2022,SABIC K2022-NQF,F:SABIC\K22,SABIC,20220519
SABICM2022,SABIC M2022-NQF,F:SABIC\M22,SABIC,20220616
SABICN2022,SABIC N2022-NQF,F:SABIC\N22,SABIC,20220721
SABICQ2022,SABIC Q2022-NQF,F:SABIC\Q22,SABIC,20220818
SABICU2022,SABIC U2022-NQF,F:SABIC\U22,SABIC,20220915
SABICV2022,SABIC V2022-NQF,F:SABIC\V22,SABIC,20221020
SABICX2022,SABIC X2022-NQF,F:SABIC\X22,SABIC,20221117
SABICZ2022,SABIC Z2022-NQF,F:SABIC\Z22,SABIC,20221215
SABICF2023,SABIC F2023-NQF,F:SABIC\F23,SABIC,20230119
SABICG2023,SABIC G2023-NQF,F:SABIC\G23,SABIC,20230216
SABICH2023,SABIC H2023-NQF,F:SABIC\H23,SABIC,20230316
SABICJ2023,SABIC J2023-NQF,F:SABIC\J23,SABIC,20230420
SABICK2023,SABIC K2023-NQF,F:SABIC\K23,SABIC,20230518
SABICM2023,SABIC M2023-NQF,F:SABIC\M23,SABIC,20230615
SABICN2023,SABIC N2023-NQF,F:SABIC\N23,SABIC,20230720
SABICQ2023,SABIC Q2023-NQF,F:SABIC\Q23,SABIC,20230817
SABICU2023,SABIC U2023-NQF,F:SABIC\U23,SABIC,20230921
SABICV2023,SABIC V2023-NQF,F:SABIC\V23,SABIC,20231019
SACCOJ2019,SACCO J2019-NQF,F:SACCO\J19,SACCO,20190418
SACCOK2019,SACCO K2019-NQF,F:SACCO\K19,SACCO,20190523
SACCOM2019,SACCO M2019-NQF,F:SACCO\M19,SACCO,20190620
SACCON2019,SACCO N2019-NQF,F:SACCO\N19,SACCO,20190718
SACCOQ2019,SACCO Q2019-NQF,F:SACCO\Q19,SACCO,20190815
SACCOU2019,SACCO U2019-NQF,F:SACCO\U19,SACCO,20190919
SACCOV2019,SACCO V2019-NQF,F:SACCO\V19,SACCO,20191017
SACCOX2019,SACCO X2019-NQF,F:SACCO\X19,SACCO,20191121
SACCOZ2019,SACCO Z2019-NQF,F:SACCO\Z19,SACCO,20191219
SACCOF2020,SACCO F2020-NQF,F:SACCO\F20,SACCO,20200116
SACCOG2020,SACCO G2020-NQF,F:SACCO\G20,SACCO,20200220
SACCOH2020,SACCO H2020-NQF,F:SACCO\H20,SACCO,20200319
SACCOJ2020,SACCO J2020-NQF,F:SACCO\J20,SACCO,20200416
SACCOK2020,SACCO K2020-NQF,F:SACCO\K20,SACCO,20200521
SACCOM2020,SACCO M2020-NQF,F:SACCO\M20,SACCO,20200618
SACCON2020,SACCO N2020-NQF,F:SACCO\N20,SACCO,20200716
SACCOQ2020,SACCO Q2020-NQF,F:SACCO\Q20,SACCO,20200820
SACCOU2020,SACCO U2020-NQF,F:SACCO\U20,SACCO,20200917
SACCOV2020,SACCO V2020-NQF,F:SACCO\V20,SACCO,20201015
SACCOX2020,SACCO X2020-NQF,F:SACCO\X20,SACCO,20201119
SACCOZ2020,SACCO Z2020-NQF,F:SACCO\Z20,SACCO,20201217
SACCOF2021,SACCO F2021-NQF,F:SACCO\F21,SACCO,20210121
SACCOG2021,SACCO G2021-NQF,F:SACCO\G21,SACCO,20210218
SACCOH2021,SACCO H2021-NQF,F:SACCO\H21,SACCO,20210318
SACCOJ2021,SACCO J2021-NQF,F:SACCO\J21,SACCO,20210415
SACCOK2021,SACCO K2021-NQF,F:SACCO\K21,SACCO,20210520
SACCOM2021,SACCO M2021-NQF,F:SACCO\M21,SACCO,20210617
SACCON2021,SACCO N2021-NQF,F:SACCO\N21,SACCO,20210715
SACCOQ2021,SACCO Q2021-NQF,F:SACCO\Q21,SACCO,20210819
SACCOU2021,SACCO U2021-NQF,F:SACCO\U21,SACCO,20210916
SACCOV2021,SACCO V2021-NQF,F:SACCO\V21,SACCO,20211021
SACCOX2021,SACCO X2021-NQF,F:SACCO\X21,SACCO,20211118
SACCOZ2021,SACCO Z2021-NQF,F:SACCO\Z21,SACCO,20211216
SACCOF2022,SACCO F2022-NQF,F:SACCO\F22,SACCO,20220120
SACCOG2022,SACCO G2022-NQF,F:SACCO\G22,SACCO,20220217
SACCOH2022,SACCO H2022-NQF,F:SACCO\H22,SACCO,20220317
SACCOJ2022,SACCO J2022-NQF,F:SACCO\J22,SACCO,20220421
SACCOK2022,SACCO K2022-NQF,F:SACCO\K22,SACCO,20220519
SACCOM2022,SACCO M2022-NQF,F:SACCO\M22,SACCO,20220616
SACCON2022,SACCO N2022-NQF,F:SACCO\N22,SACCO,20220721
SACCOQ2022,SACCO Q2022-NQF,F:SACCO\Q22,SACCO,20220818
SACCOU2022,SACCO U2022-NQF,F:SACCO\U22,SACCO,20220915
SACCOV2022,SACCO V2022-NQF,F:SACCO\V22,SACCO,20221020
SACCOX2022,SACCO X2022-NQF,F:SACCO\X22,SACCO,20221117
SACCOZ2022,SACCO Z2022-NQF,F:SACCO\Z22,SACCO,20221215
SACCOF2023,SACCO F2023-NQF,F:SACCO\F23,SACCO,20230119
SACCOG2023,SACCO G2023-NQF,F:SACCO\G23,SACCO,20230216
SACCOH2023,SACCO H2023-NQF,F:SACCO\H23,SACCO,20230316
SACCOJ2023,SACCO J2023-NQF,F:SACCO\J23,SACCO,20230420
SACCOK2023,SACCO K2023-NQF,F:SACCO\K23,SACCO,20230518
SACCOM2023,SACCO M2023-NQF,F:SACCO\M23,SACCO,20230615
SACCON2023,SACCO N2023-NQF,F:SACCO\N23,SACCO,20230720
SACCOQ2023,SACCO Q2023-NQF,F:SACCO\Q23,SACCO,20230817
SACCOU2023,SACCO U2023-NQF,F:SACCO\U23,SACCO,20230921
SACCOV2023,SACCO V2023-NQF,F:SACCO\V23,SACCO,20231019
SECOJ2019,SECO J2019-NQF,F:SECO\J19,SECO,20190418
SECOK2019,SECO K2019-NQF,F:SECO\K19,SECO,20190523
SECOM2019,SECO M2019-NQF,F:SECO\M19,SECO,20190620
SECON2019,SECO N2019-NQF,F:SECO\N19,SECO,20190718
SECOQ2019,SECO Q2019-NQF,F:SECO\Q19,SECO,20190815
SECOU2019,SECO U2019-NQF,F:SECO\U19,SECO,20190919
SECOV2019,SECO V2019-NQF,F:SECO\V19,SECO,20191017
SECOX2019,SECO X2019-NQF,F:SECO\X19,SECO,20191121
SECOZ2019,SECO Z2019-NQF,F:SECO\Z19,SECO,20191219
SECOF2020,SECO F2020-NQF,F:SECO\F20,SECO,20200116
SECOG2020,SECO G2020-NQF,F:SECO\G20,SECO,20200220
SECOH2020,SECO H2020-NQF,F:SECO\H20,SECO,20200319
SECOJ2020,SECO J2020-NQF,F:SECO\J20,SECO,20200416
SECOK2020,SECO K2020-NQF,F:SECO\K20,SECO,20200521
SECOM2020,SECO M2020-NQF,F:SECO\M20,SECO,20200618
SECON2020,SECO N2020-NQF,F:SECO\N20,SECO,20200716
SECOQ2020,SECO Q2020-NQF,F:SECO\Q20,SECO,20200820
SECOU2020,SECO U2020-NQF,F:SECO\U20,SECO,20200917
SECOV2020,SECO V2020-NQF,F:SECO\V20,SECO,20201015
SECOX2020,SECO X2020-NQF,F:SECO\X20,SECO,20201119
SECOZ2020,SECO Z2020-NQF,F:SECO\Z20,SECO,20201217
SECOF2021,SECO F2021-NQF,F:SECO\F21,SECO,20210121
SECOG2021,SECO G2021-NQF,F:SECO\G21,SECO,20210218
SECOH2021,SECO H2021-NQF,F:SECO\H21,SECO,20210318
SECOJ2021,SECO J2021-NQF,F:SECO\J21,SECO,20210415
SECOK2021,SECO K2021-NQF,F:SECO\K21,SECO,20210520
SECOM2021,SECO M2021-NQF,F:SECO\M21,SECO,20210617
SECON2021,SECO N2021-NQF,F:SECO\N21,SECO,20210715
SECOQ2021,SECO Q2021-NQF,F:SECO\Q21,SECO,20210819
SECOU2021,SECO U2021-NQF,F:SECO\U21,SECO,20210916
SECOV2021,SECO V2021-NQF,F:SECO\V21,SECO,20211021
SECOX2021,SECO X2021-NQF,F:SECO\X21,SECO,20211118
SECOZ2021,SECO Z2021-NQF,F:SECO\Z21,SECO,20211216
SECOF2022,SECO F2022-NQF,F:SECO\F22,SECO,20220120
SECOG2022,SECO G2022-NQF,F:SECO\G22,SECO,20220217
SECOH2022,SECO H2022-NQF,F:SECO\H22,SECO,20220317
SECOJ2022,SECO J2022-NQF,F:SECO\J22,SECO,20220421
SECOK2022,SECO K2022-NQF,F:SECO\K22,SECO,20220519
SECOM2022,SECO M2022-NQF,F:SECO\M22,SECO,20220616
SECON2022,SECO N2022-NQF,F:SECO\N22,SECO,20220721
SECOQ2022,SECO Q2022-NQF,F:SECO\Q22,SECO,20220818
SECOU2022,SECO U2022-NQF,F:SECO\U22,SECO,20220915
SECOV2022,SECO V2022-NQF,F:SECO\V22,SECO,20221020
SECOX2022,SECO X2022-NQF,F:SECO\X22,SECO,20221117
SECOZ2022,SECO Z2022-NQF,F:SECO\Z22,SECO,20221215
SECOF2023,SECO F2023-NQF,F:SECO\F23,SECO,20230119
SECOG2023,SECO G2023-NQF,F:SECO\G23,SECO,20230216
SECOH2023,SECO H2023-NQF,F:SECO\H23,SECO,20230316
SECOJ2023,SECO J2023-NQF,F:SECO\J23,SECO,20230420
SECOK2023,SECO K2023-NQF,F:SECO\K23,SECO,20230518
SECOM2023,SECO M2023-NQF,F:SECO\M23,SECO,20230615
SECON2023,SECO N2023-NQF,F:SECO\N23,SECO,20230720
SECOU2023,SECO U2023-NQF,F:SECO\U23,SECO,20230921
SECOV2023,SECO V2023-NQF,F:SECO\V23,SECO,20231019
SEERAN2023,SEERA N2023-NQF,F:SEERA\N23,SEERA,20230720
SEERAQ2023,SEERA Q2023-NQF,F:SEERA\Q23,SEERA,20230817
SEERAU2023,SEERA U2023-NQF,F:SEERA\U23,SEERA,20230921
SEERAV2023,SEERA V2023-NQF,F:SEERA\V23,SEERA,20231019
